siRNA,mRNA,dataset_efficacy,v1_prediction
AUGGUGAGCAAGGGCGAGG,XXXXXXXXXXXXXXXXXXXUACCACUCGUUCCCGCUCCUCGACAAGUGGCCCCACCA,0.5587304827023166,0.6446158289909363
UGGUGAGCAAGGGCGAGGA,XXXXXXXXXXXXXXXXXXUACCACUCGUUCCCGCUCCUCGACAAGUGGCCCCACCAC,0.7930401061332789,0.5993475317955017
GGUGAGCAAGGGCGAGGAG,XXXXXXXXXXXXXXXXXUACCACUCGUUCCCGCUCCUCGACAAGUGGCCCCACCACG,0.6139401979793857,0.4531002938747406
GUGAGCAAGGGCGAGGAGC,XXXXXXXXXXXXXXXXUACCACUCGUUCCCGCUCCUCGACAAGUGGCCCCACCACGG,0.3936115930196959,0.5978221893310547
UGAGCAAGGGCGAGGAGCU,XXXXXXXXXXXXXXXUACCACUCGUUCCCGCUCCUCGACAAGUGGCCCCACCACGGG,0.6641494030003062,0.6760120391845703
GAGCAAGGGCGAGGAGCUG,XXXXXXXXXXXXXXUACCACUCGUUCCCGCUCCUCGACAAGUGGCCCCACCACGGGU,0.4546382283906521,0.5629980564117432
AGCAAGGGCGAGGAGCUGU,XXXXXXXXXXXXXUACCACUCGUUCCCGCUCCUCGACAAGUGGCCCCACCACGGGUA,0.5470966425145424,0.591229259967804
GCAAGGGCGAGGAGCUGUU,XXXXXXXXXXXXUACCACUCGUUCCCGCUCCUCGACAAGUGGCCCCACCACGGGUAG,0.7719155015817941,0.4574354588985443
CAAGGGCGAGGAGCUGUUC,XXXXXXXXXXXUACCACUCGUUCCCGCUCCUCGACAAGUGGCCCCACCACGGGUAGG,0.4316767017042555,0.6139317750930786
AAGGGCGAGGAGCUGUUCA,XXXXXXXXXXUACCACUCGUUCCCGCUCCUCGACAAGUGGCCCCACCACGGGUAGGA,0.5743443208490663,0.5932984948158264
AGGGCGAGGAGCUGUUCAC,XXXXXXXXXUACCACUCGUUCCCGCUCCUCGACAAGUGGCCCCACCACGGGUAGGAC,0.754872946219002,0.5870428085327148
GGGCGAGGAGCUGUUCACC,XXXXXXXXUACCACUCGUUCCCGCUCCUCGACAAGUGGCCCCACCACGGGUAGGACC,0.5352586998673334,0.5844757556915283
GGCGAGGAGCUGUUCACCG,XXXXXXXUACCACUCGUUCCCGCUCCUCGACAAGUGGCCCCACCACGGGUAGGACCA,0.3223798346770078,0.5795830488204956
GCGAGGAGCUGUUCACCGG,XXXXXXUACCACUCGUUCCCGCUCCUCGACAAGUGGCCCCACCACGGGUAGGACCAG,0.6755791407286459,0.516789436340332
CGAGGAGCUGUUCACCGGG,XXXXXUACCACUCGUUCCCGCUCCUCGACAAGUGGCCCCACCACGGGUAGGACCAGC,0.4008572303296255,0.5319996476173401
GAGGAGCUGUUCACCGGGG,XXXXUACCACUCGUUCCCGCUCCUCGACAAGUGGCCCCACCACGGGUAGGACCAGCU,0.124502500255128,0.5646148920059204
AGGAGCUGUUCACCGGGGU,XXXUACCACUCGUUCCCGCUCCUCGACAAGUGGCCCCACCACGGGUAGGACCAGCUC,0.5108684559648944,0.5818411707878113
GGAGCUGUUCACCGGGGUG,XXUACCACUCGUUCCCGCUCCUCGACAAGUGGCCCCACCACGGGUAGGACCAGCUCG,0.6737422185937341,0.5399693250656128
GAGCUGUUCACCGGGGUGG,XUACCACUCGUUCCCGCUCCUCGACAAGUGGCCCCACCACGGGUAGGACCAGCUCGA,0.5212776813960608,0.5169941186904907
AGCUGUUCACCGGGGUGGU,UACCACUCGUUCCCGCUCCUCGACAAGUGGCCCCACCACGGGUAGGACCAGCUCGAC,0.6184304520869477,0.48870500922203064
GCUGUUCACCGGGGUGGUG,ACCACUCGUUCCCGCUCCUCGACAAGUGGCCCCACCACGGGUAGGACCAGCUCGACC,0.4940300030615369,0.4092525243759155
CUGUUCACCGGGGUGGUGC,CCACUCGUUCCCGCUCCUCGACAAGUGGCCCCACCACGGGUAGGACCAGCUCGACCU,0.3426880293907541,0.5568762421607971
UGUUCACCGGGGUGGUGCC,CACUCGUUCCCGCUCCUCGACAAGUGGCCCCACCACGGGUAGGACCAGCUCGACCUG,0.5610776609858149,0.57369464635849
GUUCACCGGGGUGGUGCCC,ACUCGUUCCCGCUCCUCGACAAGUGGCCCCACCACGGGUAGGACCAGCUCGACCUGC,0.3006429227472191,0.4536058306694031
UUCACCGGGGUGGUGCCCA,CUCGUUCCCGCUCCUCGACAAGUGGCCCCACCACGGGUAGGACCAGCUCGACCUGCC,0.2596183284008572,0.5264967083930969
UCACCGGGGUGGUGCCCAU,UCGUUCCCGCUCCUCGACAAGUGGCCCCACCACGGGUAGGACCAGCUCGACCUGCCG,0.4584141238901929,0.4829357862472534
CACCGGGGUGGUGCCCAUC,CGUUCCCGCUCCUCGACAAGUGGCCCCACCACGGGUAGGACCAGCUCGACCUGCCGC,0.3110521481783855,0.4169318974018097
ACCGGGGUGGUGCCCAUCC,GUUCCCGCUCCUCGACAAGUGGCCCCACCACGGGUAGGACCAGCUCGACCUGCCGCU,0.289723441167466,0.49496468901634216
CCGGGGUGGUGCCCAUCCU,UUCCCGCUCCUCGACAAGUGGCCCCACCACGGGUAGGACCAGCUCGACCUGCCGCUG,0.486376160832738,0.35258781909942627
CGGGGUGGUGCCCAUCCUG,UCCCGCUCCUCGACAAGUGGCCCCACCACGGGUAGGACCAGCUCGACCUGCCGCUGC,0.3310541892029799,0.4146438241004944
GGGGUGGUGCCCAUCCUGG,CCCGCUCCUCGACAAGUGGCCCCACCACGGGUAGGACCAGCUCGACCUGCCGCUGCA,0.1737932442085927,0.3803248107433319
GGGUGGUGCCCAUCCUGGU,CCGCUCCUCGACAAGUGGCCCCACCACGGGUAGGACCAGCUCGACCUGCCGCUGCAU,0.6225125012756404,0.377412885427475
GGUGGUGCCCAUCCUGGUC,CGCUCCUCGACAAGUGGCCCCACCACGGGUAGGACCAGCUCGACCUGCCGCUGCAUU,0.4343300336769058,0.38262253999710083
GUGGUGCCCAUCCUGGUCG,GCUCCUCGACAAGUGGCCCCACCACGGGUAGGACCAGCUCGACCUGCCGCUGCAUUU,0.2782937034391264,0.42266735434532166
UGGUGCCCAUCCUGGUCGA,CUCCUCGACAAGUGGCCCCACCACGGGUAGGACCAGCUCGACCUGCCGCUGCAUUUG,0.5353607510970507,0.42877596616744995
GGUGCCCAUCCUGGUCGAG,UCCUCGACAAGUGGCCCCACCACGGGUAGGACCAGCUCGACCUGCCGCUGCAUUUGC,0.3097254821920605,0.381149023771286
GUGCCCAUCCUGGUCGAGC,CCUCGACAAGUGGCCCCACCACGGGUAGGACCAGCUCGACCUGCCGCUGCAUUUGCC,0.1800183692213491,0.4672580361366272
UGCCCAUCCUGGUCGAGCU,CUCGACAAGUGGCCCCACCACGGGUAGGACCAGCUCGACCUGCCGCUGCAUUUGCCG,0.5531176650678641,0.5150651335716248
GCCCAUCCUGGUCGAGCUG,UCGACAAGUGGCCCCACCACGGGUAGGACCAGCUCGACCUGCCGCUGCAUUUGCCGG,0.4057556893560567,0.38773155212402344
CCCAUCCUGGUCGAGCUGG,CGACAAGUGGCCCCACCACGGGUAGGACCAGCUCGACCUGCCGCUGCAUUUGCCGGU,0.3466680273497295,0.4423748850822449
CCAUCCUGGUCGAGCUGGA,GACAAGUGGCCCCACCACGGGUAGGACCAGCUCGACCUGCCGCUGCAUUUGCCGGUG,0.654148382488009,0.40025338530540466
CAUCCUGGUCGAGCUGGAC,ACAAGUGGCCCCACCACGGGUAGGACCAGCUCGACCUGCCGCUGCAUUUGCCGGUGU,0.6049596897642617,0.5394818782806396
AUCCUGGUCGAGCUGGACG,CAAGUGGCCCCACCACGGGUAGGACCAGCUCGACCUGCCGCUGCAUUUGCCGGUGUU,0.3201347076232269,0.596098005771637
UCCUGGUCGAGCUGGACGG,AAGUGGCCCCACCACGGGUAGGACCAGCUCGACCUGCCGCUGCAUUUGCCGGUGUUC,0.4978058985610777,0.5753311514854431
CCUGGUCGAGCUGGACGGC,AGUGGCCCCACCACGGGUAGGACCAGCUCGACCUGCCGCUGCAUUUGCCGGUGUUCA,0.3463618736605776,0.4651738405227661
CUGGUCGAGCUGGACGGCG,GUGGCCCCACCACGGGUAGGACCAGCUCGACCUGCCGCUGCAUUUGCCGGUGUUCAA,0.3119706092458414,0.5091262459754944
UGGUCGAGCUGGACGGCGA,UGGCCCCACCACGGGUAGGACCAGCUCGACCUGCCGCUGCAUUUGCCGGUGUUCAAG,0.7840595979181549,0.5338165760040283
GGUCGAGCUGGACGGCGAC,GGCCCCACCACGGGUAGGACCAGCUCGACCUGCCGCUGCAUUUGCCGGUGUUCAAGU,0.7300744973976938,0.39418312907218933
GUCGAGCUGGACGGCGACG,GCCCCACCACGGGUAGGACCAGCUCGACCUGCCGCUGCAUUUGCCGGUGUUCAAGUC,0.2548219206041432,0.49360066652297974
UCGAGCUGGACGGCGACGU,CCCCACCACGGGUAGGACCAGCUCGACCUGCCGCUGCAUUUGCCGGUGUUCAAGUCG,0.2950301051127666,0.5814149975776672
CGAGCUGGACGGCGACGUA,CCCACCACGGGUAGGACCAGCUCGACCUGCCGCUGCAUUUGCCGGUGUUCAAGUCGC,0.5324012654352486,0.35509610176086426
GAGCUGGACGGCGACGUAA,CCACCACGGGUAGGACCAGCUCGACCUGCCGCUGCAUUUGCCGGUGUUCAAGUCGCA,0.6049596897642617,0.3345765471458435
AGCUGGACGGCGACGUAAA,CACCACGGGUAGGACCAGCUCGACCUGCCGCUGCAUUUGCCGGUGUUCAAGUCGCAC,0.4564751505255638,0.32856249809265137
GCUGGACGGCGACGUAAAC,ACCACGGGUAGGACCAGCUCGACCUGCCGCUGCAUUUGCCGGUGUUCAAGUCGCACA,0.582916624145321,0.3417373597621918
CUGGACGGCGACGUAAACG,CCACGGGUAGGACCAGCUCGACCUGCCGCUGCAUUUGCCGGUGUUCAAGUCGCACAG,0.3793244208592713,0.47084248065948486
UGGACGGCGACGUAAACGG,CACGGGUAGGACCAGCUCGACCUGCCGCUGCAUUUGCCGGUGUUCAAGUCGCACAGG,0.330441881824676,0.5468418598175049
GGACGGCGACGUAAACGGC,ACGGGUAGGACCAGCUCGACCUGCCGCUGCAUUUGCCGGUGUUCAAGUCGCACAGGC,0.3578936626186346,0.41167712211608887
GACGGCGACGUAAACGGCC,CGGGUAGGACCAGCUCGACCUGCCGCUGCAUUUGCCGGUGUUCAAGUCGCACAGGCC,0.4564751505255638,0.47093886137008667
ACGGCGACGUAAACGGCCA,GGGUAGGACCAGCUCGACCUGCCGCUGCAUUUGCCGGUGUUCAAGUCGCACAGGCCG,0.6999693846310849,0.40523844957351685
CGGCGACGUAAACGGCCAC,GGUAGGACCAGCUCGACCUGCCGCUGCAUUUGCCGGUGUUCAAGUCGCACAGGCCGC,0.7239514236146546,0.3954482674598694
GGCGACGUAAACGGCCACA,GUAGGACCAGCUCGACCUGCCGCUGCAUUUGCCGGUGUUCAAGUCGCACAGGCCGCU,0.4493315644453516,0.3649706542491913
GCGACGUAAACGGCCACAA,UAGGACCAGCUCGACCUGCCGCUGCAUUUGCCGGUGUUCAAGUCGCACAGGCCGCUC,0.5098479436677212,0.28345394134521484
CGACGUAAACGGCCACAAG,AGGACCAGCUCGACCUGCCGCUGCAUUUGCCGGUGUUCAAGUCGCACAGGCCGCUCC,0.5905704663741198,0.3825582265853882
GACGUAAACGGCCACAAGU,GGACCAGCUCGACCUGCCGCUGCAUUUGCCGGUGUUCAAGUCGCACAGGCCGCUCCC,0.5474027962036943,0.38785144686698914
ACGUAAACGGCCACAAGUU,GACCAGCUCGACCUGCCGCUGCAUUUGCCGGUGUUCAAGUCGCACAGGCCGCUCCCG,0.5494438207980407,0.43961599469184875
CGUAAACGGCCACAAGUUC,ACCAGCUCGACCUGCCGCUGCAUUUGCCGGUGUUCAAGUCGCACAGGCCGCUCCCGC,0.6984386161853251,0.4110702872276306
GUAAACGGCCACAAGUUCA,CCAGCUCGACCUGCCGCUGCAUUUGCCGGUGUUCAAGUCGCACAGGCCGCUCCCGCU,0.8462087968160017,0.3961389660835266
UAAACGGCCACAAGUUCAG,CAGCUCGACCUGCCGCUGCAUUUGCCGGUGUUCAAGUCGCACAGGCCGCUCCCGCUC,0.5635268904990306,0.5838102102279663
AAACGGCCACAAGUUCAGC,AGCUCGACCUGCCGCUGCAUUUGCCGGUGUUCAAGUCGCACAGGCCGCUCCCGCUCC,0.4266761914481071,0.6254651546478271
AACGGCCACAAGUUCAGCG,GCUCGACCUGCCGCUGCAUUUGCCGGUGUUCAAGUCGCACAGGCCGCUCCCGCUCCC,0.4357587508929483,0.5419021248817444
ACGGCCACAAGUUCAGCGU,CUCGACCUGCCGCUGCAUUUGCCGGUGUUCAAGUCGCACAGGCCGCUCCCGCUCCCG,0.6946627206857843,0.4917163848876953
CGGCCACAAGUUCAGCGUG,UCGACCUGCCGCUGCAUUUGCCGGUGUUCAAGUCGCACAGGCCGCUCCCGCUCCCGC,0.6507806919073376,0.4263993501663208
GGCCACAAGUUCAGCGUGU,CGACCUGCCGCUGCAUUUGCCGGUGUUCAAGUCGCACAGGCCGCUCCCGCUCCCGCU,0.6042453311562405,0.4171842038631439
GCCACAAGUUCAGCGUGUC,GACCUGCCGCUGCAUUUGCCGGUGUUCAAGUCGCACAGGCCGCUCCCGCUCCCGCUA,0.7624247372180835,0.4349312484264374
CCACAAGUUCAGCGUGUCC,ACCUGCCGCUGCAUUUGCCGGUGUUCAAGUCGCACAGGCCGCUCCCGCUCCCGCUAC,0.8591693029901011,0.5522857904434204
CACAAGUUCAGCGUGUCCG,CCUGCCGCUGCAUUUGCCGGUGUUCAAGUCGCACAGGCCGCUCCCGCUCCCGCUACG,0.5750586794570876,0.5132026672363281
ACAAGUUCAGCGUGUCCGG,CUGCCGCUGCAUUUGCCGGUGUUCAAGUCGCACAGGCCGCUCCCGCUCCCGCUACGG,0.5430145933258497,0.5733662247657776
CAAGUUCAGCGUGUCCGGC,UGCCGCUGCAUUUGCCGGUGUUCAAGUCGCACAGGCCGCUCCCGCUCCCGCUACGGU,0.5872027757934484,0.533394455909729
AAGUUCAGCGUGUCCGGCG,GCCGCUGCAUUUGCCGGUGUUCAAGUCGCACAGGCCGCUCCCGCUCCCGCUACGGUG,0.4125931217471171,0.5726391673088074
AGUUCAGCGUGUCCGGCGA,CCGCUGCAUUUGCCGGUGUUCAAGUCGCACAGGCCGCUCCCGCUCCCGCUACGGUGG,0.7484437187468108,0.42324894666671753
GUUCAGCGUGUCCGGCGAG,CGCUGCAUUUGCCGGUGUUCAAGUCGCACAGGCCGCUCCCGCUCCCGCUACGGUGGA,0.5054597407898765,0.44245001673698425
UUCAGCGUGUCCGGCGAGG,GCUGCAUUUGCCGGUGUUCAAGUCGCACAGGCCGCUCCCGCUCCCGCUACGGUGGAU,0.4033064598428412,0.5795387625694275
UCAGCGUGUCCGGCGAGGG,CUGCAUUUGCCGGUGUUCAAGUCGCACAGGCCGCUCCCGCUCCCGCUACGGUGGAUG,0.348709051944076,0.5556836128234863
CAGCGUGUCCGGCGAGGGC,UGCAUUUGCCGGUGUUCAAGUCGCACAGGCCGCUCCCGCUCCCGCUACGGUGGAUGC,0.5032146137360956,0.4502822458744049
AGCGUGUCCGGCGAGGGCG,GCAUUUGCCGGUGUUCAAGUCGCACAGGCCGCUCCCGCUCCCGCUACGGUGGAUGCC,0.5020920502092051,0.43106403946876526
GCGUGUCCGGCGAGGGCGA,CAUUUGCCGGUGUUCAAGUCGCACAGGCCGCUCCCGCUCCCGCUACGGUGGAUGCCG,0.3970813348300847,0.28800368309020996
CGUGUCCGGCGAGGGCGAG,AUUUGCCGGUGUUCAAGUCGCACAGGCCGCUCCCGCUCCCGCUACGGUGGAUGCCGU,0.3996326155730176,0.371861070394516
GUGUCCGGCGAGGGCGAGG,UUUGCCGGUGUUCAAGUCGCACAGGCCGCUCCCGCUCCCGCUACGGUGGAUGCCGUU,0.4082049188692724,0.4120047092437744
UGUCCGGCGAGGGCGAGGG,UUGCCGGUGUUCAAGUCGCACAGGCCGCUCCCGCUCCCGCUACGGUGGAUGCCGUUC,0.5237269109092765,0.4823260009288788
GUCCGGCGAGGGCGAGGGC,UGCCGGUGUUCAAGUCGCACAGGCCGCUCCCGCUCCCGCUACGGUGGAUGCCGUUCG,0.5388304929074396,0.41415220499038696
UCCGGCGAGGGCGAGGGCG,GCCGGUGUUCAAGUCGCACAGGCCGCUCCCGCUCCCGCUACGGUGGAUGCCGUUCGA,0.4535156648637616,0.45794084668159485
CCGGCGAGGGCGAGGGCGA,CCGGUGUUCAAGUCGCACAGGCCGCUCCCGCUCCCGCUACGGUGGAUGCCGUUCGAC,0.3548321257271151,0.3298851251602173
CGGCGAGGGCGAGGGCGAU,CGGUGUUCAAGUCGCACAGGCCGCUCCCGCUCCCGCUACGGUGGAUGCCGUUCGACU,0.3088070211246045,0.32736918330192566
GGCGAGGGCGAGGGCGAUG,GGUGUUCAAGUCGCACAGGCCGCUCCCGCUCCCGCUACGGUGGAUGCCGUUCGACUG,0.3953464639248903,0.3706793785095215
GCGAGGGCGAGGGCGAUGC,GUGUUCAAGUCGCACAGGCCGCUCCCGCUCCCGCUACGGUGGAUGCCGUUCGACUGG,0.3413613634044291,0.40755370259284973
CGAGGGCGAGGGCGAUGCC,UGUUCAAGUCGCACAGGCCGCUCCCGCUCCCGCUACGGUGGAUGCCGUUCGACUGGG,0.2987039493825901,0.4162241816520691
GAGGGCGAGGGCGAUGCCA,GUUCAAGUCGCACAGGCCGCUCCCGCUCCCGCUACGGUGGAUGCCGUUCGACUGGGA,0.3119706092458414,0.390327513217926
AGGGCGAGGGCGAUGCCAC,UUCAAGUCGCACAGGCCGCUCCCGCUCCCGCUACGGUGGAUGCCGUUCGACUGGGAC,0.4055515868966221,0.43811020255088806
GGGCGAGGGCGAUGCCACC,UCAAGUCGCACAGGCCGCUCCCGCUCCCGCUACGGUGGAUGCCGUUCGACUGGGACU,0.1663435044392285,0.4182296693325043
GGCGAGGGCGAUGCCACCU,CAAGUCGCACAGGCCGCUCCCGCUCCCGCUACGGUGGAUGCCGUUCGACUGGGACUU,0.4013674864782121,0.3475134074687958
GCGAGGGCGAUGCCACCUA,AAGUCGCACAGGCCGCUCCCGCUCCCGCUACGGUGGAUGCCGUUCGACUGGGACUUC,0.2910501071537912,0.34217649698257446
CGAGGGCGAUGCCACCUAC,AGUCGCACAGGCCGCUCCCGCUCCCGCUACGGUGGAUGCCGUUCGACUGGGACUUCA,0.3694254515766915,0.37962016463279724
GAGGGCGAUGCCACCUACG,GUCGCACAGGCCGCUCCCGCUCCCGCUACGGUGGAUGCCGUUCGACUGGGACUUCAA,0.3322788039595877,0.42578014731407166
AGGGCGAUGCCACCUACGG,UCGCACAGGCCGCUCCCGCUCCCGCUACGGUGGAUGCCGUUCGACUGGGACUUCAAG,0.2516583324829064,0.41365039348602295
GGGCGAUGCCACCUACGGC,CGCACAGGCCGCUCCCGCUCCCGCUACGGUGGAUGCCGUUCGACUGGGACUUCAAGU,0.327890601081743,0.3901936709880829
GGCGAUGCCACCUACGGCA,GCACAGGCCGCUCCCGCUCCCGCUACGGUGGAUGCCGUUCGACUGGGACUUCAAGUA,0.4970915399530565,0.3129526674747467
GCGAUGCCACCUACGGCAA,CACAGGCCGCUCCCGCUCCCGCUACGGUGGAUGCCGUUCGACUGGGACUUCAAGUAG,0.403918767221145,0.25834816694259644
CGAUGCCACCUACGGCAAG,ACAGGCCGCUCCCGCUCCCGCUACGGUGGAUGCCGUUCGACUGGGACUUCAAGUAGA,0.5552607408919278,0.34291380643844604
GAUGCCACCUACGGCAAGC,CAGGCCGCUCCCGCUCCCGCUACGGUGGAUGCCGUUCGACUGGGACUUCAAGUAGAC,0.3197265027043576,0.43308746814727783
AUGCCACCUACGGCAAGCU,AGGCCGCUCCCGCUCCCGCUACGGUGGAUGCCGUUCGACUGGGACUUCAAGUAGACG,0.4773956526176141,0.4650246798992157
UGCCACCUACGGCAAGCUG,GGCCGCUCCCGCUCCCGCUACGGUGGAUGCCGUUCGACUGGGACUUCAAGUAGACGU,0.1966527196652719,0.4564318358898163
GCCACCUACGGCAAGCUGA,GCCGCUCCCGCUCCCGCUACGGUGGAUGCCGUUCGACUGGGACUUCAAGUAGACGUG,0.4618838657005817,0.29901498556137085
CCACCUACGGCAAGCUGAC,CCGCUCCCGCUCCCGCUACGGUGGAUGCCGUUCGACUGGGACUUCAAGUAGACGUGG,0.5697520155117869,0.391694575548172
CACCUACGGCAAGCUGACC,CGCUCCCGCUCCCGCUACGGUGGAUGCCGUUCGACUGGGACUUCAAGUAGACGUGGU,0.3545259720379631,0.4719703197479248
ACCUACGGCAAGCUGACCC,GCUCCCGCUCCCGCUACGGUGGAUGCCGUUCGACUGGGACUUCAAGUAGACGUGGUG,0.3990203081947138,0.5221502780914307
CCUACGGCAAGCUGACCCU,CUCCCGCUCCCGCUACGGUGGAUGCCGUUCGACUGGGACUUCAAGUAGACGUGGUGG,0.6911929788753955,0.3995171785354614
CUACGGCAAGCUGACCCUG,UCCCGCUCCCGCUACGGUGGAUGCCGUUCGACUGGGACUUCAAGUAGACGUGGUGGC,0.3141136850699051,0.49852415919303894
UACGGCAAGCUGACCCUGA,CCCGCUCCCGCUACGGUGGAUGCCGUUCGACUGGGACUUCAAGUAGACGUGGUGGCC,0.4946423104398408,0.4941997528076172
ACGGCAAGCUGACCCUGAA,CCGCUCCCGCUACGGUGGAUGCCGUUCGACUGGGACUUCAAGUAGACGUGGUGGCCG,0.7651801204204511,0.3934757113456726
CGGCAAGCUGACCCUGAAG,CGCUCCCGCUACGGUGGAUGCCGUUCGACUGGGACUUCAAGUAGACGUGGUGGCCGU,0.6588427390550057,0.39884892106056213
GGCAAGCUGACCCUGAAGU,GCUCCCGCUACGGUGGAUGCCGUUCGACUGGGACUUCAAGUAGACGUGGUGGCCGUU,0.6385345443412593,0.4241017997264862
GCAAGCUGACCCUGAAGUU,CUCCCGCUACGGUGGAUGCCGUUCGACUGGGACUUCAAGUAGACGUGGUGGCCGUUC,0.7105827125216859,0.3841704726219177
CAAGCUGACCCUGAAGUUC,UCCCGCUACGGUGGAUGCCGUUCGACUGGGACUUCAAGUAGACGUGGUGGCCGUUCG,0.7322175732217574,0.5373815894126892
AAGCUGACCCUGAAGUUCA,CCCGCUACGGUGGAUGCCGUUCGACUGGGACUUCAAGUAGACGUGGUGGCCGUUCGA,0.9358097765078072,0.45038866996765137
AGCUGACCCUGAAGUUCAU,CCGCUACGGUGGAUGCCGUUCGACUGGGACUUCAAGUAGACGUGGUGGCCGUUCGAC,0.8910092866619044,0.4114097058773041
GCUGACCCUGAAGUUCAUC,CGCUACGGUGGAUGCCGUUCGACUGGGACUUCAAGUAGACGUGGUGGCCGUUCGACG,0.7672211450147975,0.38608989119529724
CUGACCCUGAAGUUCAUCU,GCUACGGUGGAUGCCGUUCGACUGGGACUUCAAGUAGACGUGGUGGCCGUUCGACGG,0.7119093785080112,0.4576372504234314
UGACCCUGAAGUUCAUCUG,CUACGGUGGAUGCCGUUCGACUGGGACUUCAAGUAGACGUGGUGGCCGUUCGACGGG,0.5111746096540464,0.5059645175933838
GACCCUGAAGUUCAUCUGC,UACGGUGGAUGCCGUUCGACUGGGACUUCAAGUAGACGUGGUGGCCGUUCGACGGGC,0.4439228492703337,0.4716612696647644
ACCCUGAAGUUCAUCUGCA,ACGGUGGAUGCCGUUCGACUGGGACUUCAAGUAGACGUGGUGGCCGUUCGACGGGCA,0.8051842024696398,0.41099464893341064
CCCUGAAGUUCAUCUGCAC,CGGUGGAUGCCGUUCGACUGGGACUUCAAGUAGACGUGGUGGCCGUUCGACGGGCAC,0.8063067659965304,0.40836095809936523
CCUGAAGUUCAUCUGCACC,GGUGGAUGCCGUUCGACUGGGACUUCAAGUAGACGUGGUGGCCGUUCGACGGGCACG,0.695172976834371,0.44724491238594055
CUGAAGUUCAUCUGCACCA,GUGGAUGCCGUUCGACUGGGACUUCAAGUAGACGUGGUGGCCGUUCGACGGGCACGG,0.6880293907541587,0.43120887875556946
UGAAGUUCAUCUGCACCAC,UGGAUGCCGUUCGACUGGGACUUCAAGUAGACGUGGUGGCCGUUCGACGGGCACGGG,0.4635166853760588,0.5768579244613647
GAAGUUCAUCUGCACCACC,GGAUGCCGUUCGACUGGGACUUCAAGUAGACGUGGUGGCCGUUCGACGGGCACGGGA,0.5413817736503725,0.5456026792526245
AAGUUCAUCUGCACCACCG,GAUGCCGUUCGACUGGGACUUCAAGUAGACGUGGUGGCCGUUCGACGGGCACGGGAC,0.5989386672109399,0.5980647206306458
AGUUCAUCUGCACCACCGG,AUGCCGUUCGACUGGGACUUCAAGUAGACGUGGUGGCCGUUCGACGGGCACGGGACC,0.3915705684253495,0.49051710963249207
GUUCAUCUGCACCACCGGC,UGCCGUUCGACUGGGACUUCAAGUAGACGUGGUGGCCGUUCGACGGGCACGGGACCG,0.1335850596999694,0.42819181084632874
UUCAUCUGCACCACCGGCA,GCCGUUCGACUGGGACUUCAAGUAGACGUGGUGGCCGUUCGACGGGCACGGGACCGG,0.2221655270946015,0.5024781227111816
UCAUCUGCACCACCGGCAA,CCGUUCGACUGGGACUUCAAGUAGACGUGGUGGCCGUUCGACGGGCACGGGACCGGG,0.4949484641289928,0.3916672170162201
CAUCUGCACCACCGGCAAG,CGUUCGACUGGGACUUCAAGUAGACGUGGUGGCCGUUCGACGGGCACGGGACCGGGU,0.4151444024900499,0.42753204703330994
AUCUGCACCACCGGCAAGC,GUUCGACUGGGACUUCAAGUAGACGUGGUGGCCGUUCGACGGGCACGGGACCGGGUG,0.0612307378303908,0.4822777509689331
UCUGCACCACCGGCAAGCU,UUCGACUGGGACUUCAAGUAGACGUGGUGGCCGUUCGACGGGCACGGGACCGGGUGG,0.0443922849270333,0.4770682752132416
CUGCACCACCGGCAAGCUG,UCGACUGGGACUUCAAGUAGACGUGGUGGCCGUUCGACGGGCACGGGACCGGGUGGG,0.3306459842841106,0.4161471724510193
UGCACCACCGGCAAGCUGC,CGACUGGGACUUCAAGUAGACGUGGUGGCCGUUCGACGGGCACGGGACCGGGUGGGA,0.0389835697520155,0.47751590609550476
GCACCACCGGCAAGCUGCC,GACUGGGACUUCAAGUAGACGUGGUGGCCGUUCGACGGGCACGGGACCGGGUGGGAG,0.3609551995101541,0.3948770761489868
CACCACCGGCAAGCUGCCC,ACUGGGACUUCAAGUAGACGUGGUGGCCGUUCGACGGGCACGGGACCGGGUGGGAGC,0.212062455352587,0.42439404129981995
ACCACCGGCAAGCUGCCCG,CUGGGACUUCAAGUAGACGUGGUGGCCGUUCGACGGGCACGGGACCGGGUGGGAGCA,0.0474538218185529,0.41711732745170593
CCACCGGCAAGCUGCCCGU,UGGGACUUCAAGUAGACGUGGUGGCCGUUCGACGGGCACGGGACCGGGUGGGAGCAC,0.3957546688437596,0.3500930666923523
CACCGGCAAGCUGCCCGUG,GGGACUUCAAGUAGACGUGGUGGCCGUUCGACGGGCACGGGACCGGGUGGGAGCACU,0.2002245127053781,0.3803623914718628
ACCGGCAAGCUGCCCGUGC,GGACUUCAAGUAGACGUGGUGGCCGUUCGACGGGCACGGGACCGGGUGGGAGCACUG,0.1718542708439636,0.4258982539176941
CCGGCAAGCUGCCCGUGCC,GACUUCAAGUAGACGUGGUGGCCGUUCGACGGGCACGGGACCGGGUGGGAGCACUGG,0.4710684763751403,0.3816663324832916
CGGCAAGCUGCCCGUGCCC,ACUUCAAGUAGACGUGGUGGCCGUUCGACGGGCACGGGACCGGGUGGGAGCACUGGU,0.2816613940197979,0.35783228278160095
GGCAAGCUGCCCGUGCCCU,CUUCAAGUAGACGUGGUGGCCGUUCGACGGGCACGGGACCGGGUGGGAGCACUGGUG,0.3128890703132973,0.36926981806755066
GCAAGCUGCCCGUGCCCUG,UUCAAGUAGACGUGGUGGCCGUUCGACGGGCACGGGACCGGGUGGGAGCACUGGUGG,0.5715889376466987,0.3778430223464966
CAAGCUGCCCGUGCCCUGG,UCAAGUAGACGUGGUGGCCGUUCGACGGGCACGGGACCGGGUGGGAGCACUGGUGGG,0.4725992448209001,0.42641299962997437
AAGCUGCCCGUGCCCUGGC,CAAGUAGACGUGGUGGCCGUUCGACGGGCACGGGACCGGGUGGGAGCACUGGUGGGA,0.1839983671803245,0.44075652956962585
AGCUGCCCGUGCCCUGGCC,AAGUAGACGUGGUGGCCGUUCGACGGGCACGGGACCGGGUGGGAGCACUGGUGGGAC,0.0866414940300029,0.3954000771045685
GCUGCCCGUGCCCUGGCCC,AGUAGACGUGGUGGCCGUUCGACGGGCACGGGACCGGGUGGGAGCACUGGUGGGACU,0.2934993366670069,0.30877962708473206
CUGCCCGUGCCCUGGCCCA,GUAGACGUGGUGGCCGUUCGACGGGCACGGGACCGGGUGGGAGCACUGGUGGGACUG,0.2693131952240025,0.31876417994499207
UGCCCGUGCCCUGGCCCAC,UAGACGUGGUGGCCGUUCGACGGGCACGGGACCGGGUGGGAGCACUGGUGGGACUGG,0.2416573119706092,0.39875510334968567
GCCCGUGCCCUGGCCCACC,AGACGUGGUGGCCGUUCGACGGGCACGGGACCGGGUGGGAGCACUGGUGGGACUGGA,0.1526686396571079,0.31318435072898865
CCCGUGCCCUGGCCCACCC,GACGUGGUGGCCGUUCGACGGGCACGGGACCGGGUGGGAGCACUGGUGGGACUGGAU,0.0853148280436779,0.32332178950309753
CCGUGCCCUGGCCCACCCU,ACGUGGUGGCCGUUCGACGGGCACGGGACCGGGUGGGAGCACUGGUGGGACUGGAUG,0.0519440759261149,0.30117884278297424
CGUGCCCUGGCCCACCCUC,CGUGGUGGCCGUUCGACGGGCACGGGACCGGGUGGGAGCACUGGUGGGACUGGAUGC,0.2984998469231554,0.3316493332386017
GUGCCCUGGCCCACCCUCG,GUGGUGGCCGUUCGACGGGCACGGGACCGGGUGGGAGCACUGGUGGGACUGGAUGCC,0.0,0.3505927622318268
UGCCCUGGCCCACCCUCGU,UGGUGGCCGUUCGACGGGCACGGGACCGGGUGGGAGCACUGGUGGGACUGGAUGCCG,0.0001020512297173,0.38645365834236145
GCCCUGGCCCACCCUCGUG,GGUGGCCGUUCGACGGGCACGGGACCGGGUGGGAGCACUGGUGGGACUGGAUGCCGC,0.2324727012960506,0.2840881943702698
CCCUGGCCCACCCUCGUGA,GUGGCCGUUCGACGGGCACGGGACCGGGUGGGAGCACUGGUGGGACUGGAUGCCGCA,0.2582916624145321,0.2667619585990906
CCUGGCCCACCCUCGUGAC,UGGCCGUUCGACGGGCACGGGACCGGGUGGGAGCACUGGUGGGACUGGAUGCCGCAC,0.3158485559750995,0.32258233428001404
CUGGCCCACCCUCGUGACC,GGCCGUUCGACGGGCACGGGACCGGGUGGGAGCACUGGUGGGACUGGAUGCCGCACG,0.2481885906725176,0.42103898525238037
UGGCCCACCCUCGUGACCA,GCCGUUCGACGGGCACGGGACCGGGUGGGAGCACUGGUGGGACUGGAUGCCGCACGU,0.72793142157363,0.417309045791626
GGCCCACCCUCGUGACCAC,CCGUUCGACGGGCACGGGACCGGGUGGGAGCACUGGUGGGACUGGAUGCCGCACGUC,0.5200530666394529,0.37327149510383606
GCCCACCCUCGUGACCACC,CGUUCGACGGGCACGGGACCGGGUGGGAGCACUGGUGGGACUGGAUGCCGCACGUCA,0.4482090009184611,0.3724827468395233
CCCACCCUCGUGACCACCC,GUUCGACGGGCACGGGACCGGGUGGGAGCACUGGUGGGACUGGAUGCCGCACGUCAC,0.2080824573936116,0.4096570611000061
CCACCCUCGUGACCACCCU,UUCGACGGGCACGGGACCGGGUGGGAGCACUGGUGGGACUGGAUGCCGCACGUCACG,0.3463618736605776,0.377572625875473
CACCCUCGUGACCACCCUG,UCGACGGGCACGGGACCGGGUGGGAGCACUGGUGGGACUGGAUGCCGCACGUCACGA,0.270435758750893,0.4145190119743347
ACCCUCGUGACCACCCUGA,CGACGGGCACGGGACCGGGUGGGAGCACUGGUGGGACUGGAUGCCGCACGUCACGAA,0.3797326257781406,0.3651064336299896
CCCUCGUGACCACCCUGAC,GACGGGCACGGGACCGGGUGGGAGCACUGGUGGGACUGGAUGCCGCACGUCACGAAG,0.4331054189202979,0.35645371675491333
CCUCGUGACCACCCUGACC,ACGGGCACGGGACCGGGUGGGAGCACUGGUGGGACUGGAUGCCGCACGUCACGAAGU,0.5177058883559547,0.409121572971344
CUCGUGACCACCCUGACCU,CGGGCACGGGACCGGGUGGGAGCACUGGUGGGACUGGAUGCCGCACGUCACGAAGUC,0.5814879069292785,0.42489093542099
UCGUGACCACCCUGACCUA,GGGCACGGGACCGGGUGGGAGCACUGGUGGGACUGGAUGCCGCACGUCACGAAGUCG,0.5284212674762732,0.45377427339553833
CGUGACCACCCUGACCUAC,GGCACGGGACCGGGUGGGAGCACUGGUGGGACUGGAUGCCGCACGUCACGAAGUCGG,0.4808653944280028,0.4047342538833618
GUGACCACCCUGACCUACG,GCACGGGACCGGGUGGGAGCACUGGUGGGACUGGAUGCCGCACGUCACGAAGUCGGC,0.6749668333503419,0.43471136689186096
UGACCACCCUGACCUACGG,CACGGGACCGGGUGGGAGCACUGGUGGGACUGGAUGCCGCACGUCACGAAGUCGGCG,0.4261659352995203,0.4892927408218384
GACCACCCUGACCUACGGC,ACGGGACCGGGUGGGAGCACUGGUGGGACUGGAUGCCGCACGUCACGAAGUCGGCGA,0.3065618940708235,0.4280180335044861
ACCACCCUGACCUACGGCG,CGGGACCGGGUGGGAGCACUGGUGGGACUGGAUGCCGCACGUCACGAAGUCGGCGAU,0.4613736095519951,0.4448274075984955
CCACCCUGACCUACGGCGU,GGGACCGGGUGGGAGCACUGGUGGGACUGGAUGCCGCACGUCACGAAGUCGGCGAUG,0.5794468823349321,0.3417096436023712
CACCCUGACCUACGGCGUG,GGACCGGGUGGGAGCACUGGUGGGACUGGAUGCCGCACGUCACGAAGUCGGCGAUGG,0.7585467904888255,0.40864208340644836
ACCCUGACCUACGGCGUGC,GACCGGGUGGGAGCACUGGUGGGACUGGAUGCCGCACGUCACGAAGUCGGCGAUGGG,0.6849678538626391,0.4282901883125305
CCCUGACCUACGGCGUGCA,ACCGGGUGGGAGCACUGGUGGGACUGGAUGCCGCACGUCACGAAGUCGGCGAUGGGG,0.5690376569037657,0.3286401927471161
CCUGACCUACGGCGUGCAG,CCGGGUGGGAGCACUGGUGGGACUGGAUGCCGCACGUCACGAAGUCGGCGAUGGGGC,0.4896418001836922,0.35578182339668274
CUGACCUACGGCGUGCAGU,CGGGUGGGAGCACUGGUGGGACUGGAUGCCGCACGUCACGAAGUCGGCGAUGGGGCU,0.5749566282273703,0.40376943349838257
UGACCUACGGCGUGCAGUG,GGGUGGGAGCACUGGUGGGACUGGAUGCCGCACGUCACGAAGUCGGCGAUGGGGCUG,0.5914889274415758,0.4450095593929291
GACCUACGGCGUGCAGUGC,GGUGGGAGCACUGGUGGGACUGGAUGCCGCACGUCACGAAGUCGGCGAUGGGGCUGG,0.6137360955199511,0.432495653629303
ACCUACGGCGUGCAGUGCU,GUGGGAGCACUGGUGGGACUGGAUGCCGCACGUCACGAAGUCGGCGAUGGGGCUGGU,0.5682212470660272,0.39223721623420715
CCUACGGCGUGCAGUGCUU,UGGGAGCACUGGUGGGACUGGAUGCCGCACGUCACGAAGUCGGCGAUGGGGCUGGUG,0.7152770690886826,0.3600938618183136
CUACGGCGUGCAGUGCUUC,GGGAGCACUGGUGGGACUGGAUGCCGCACGUCACGAAGUCGGCGAUGGGGCUGGUGU,0.6091437901826717,0.4154317080974579
UACGGCGUGCAGUGCUUCA,GGAGCACUGGUGGGACUGGAUGCCGCACGUCACGAAGUCGGCGAUGGGGCUGGUGUA,0.57648739667313,0.46807077527046204
ACGGCGUGCAGUGCUUCAG,GAGCACUGGUGGGACUGGAUGCCGCACGUCACGAAGUCGGCGAUGGGGCUGGUGUAC,0.6337381365445455,0.4313899874687195
CGGCGUGCAGUGCUUCAGC,AGCACUGGUGGGACUGGAUGCCGCACGUCACGAAGUCGGCGAUGGGGCUGGUGUACU,0.6030207163996327,0.4677751362323761
GGCGUGCAGUGCUUCAGCC,GCACUGGUGGGACUGGAUGCCGCACGUCACGAAGUCGGCGAUGGGGCUGGUGUACUU,0.7323196244514747,0.4264870882034302
GCGUGCAGUGCUUCAGCCG,CACUGGUGGGACUGGAUGCCGCACGUCACGAAGUCGGCGAUGGGGCUGGUGUACUUC,0.5177058883559547,0.40150412917137146
CGUGCAGUGCUUCAGCCGC,ACUGGUGGGACUGGAUGCCGCACGUCACGAAGUCGGCGAUGGGGCUGGUGUACUUCG,0.8117154811715482,0.420983225107193
GUGCAGUGCUUCAGCCGCU,CUGGUGGGACUGGAUGCCGCACGUCACGAAGUCGGCGAUGGGGCUGGUGUACUUCGU,0.9209102969690784,0.4337068200111389
UGCAGUGCUUCAGCCGCUA,UGGUGGGACUGGAUGCCGCACGUCACGAAGUCGGCGAUGGGGCUGGUGUACUUCGUC,0.8367180324522909,0.4428918957710266
GCAGUGCUUCAGCCGCUAC,GGUGGGACUGGAUGCCGCACGUCACGAAGUCGGCGAUGGGGCUGGUGUACUUCGUCG,0.7507908970303092,0.43798574805259705
CAGUGCUUCAGCCGCUACC,GUGGGACUGGAUGCCGCACGUCACGAAGUCGGCGAUGGGGCUGGUGUACUUCGUCGU,0.8291662414532096,0.4818655252456665
AGUGCUUCAGCCGCUACCC,UGGGACUGGAUGCCGCACGUCACGAAGUCGGCGAUGGGGCUGGUGUACUUCGUCGUG,0.8890703132972754,0.52386075258255
GUGCUUCAGCCGCUACCCC,GGGACUGGAUGCCGCACGUCACGAAGUCGGCGAUGGGGCUGGUGUACUUCGUCGUGC,0.5923053372793142,0.43695706129074097
UGCUUCAGCCGCUACCCCG,GGACUGGAUGCCGCACGUCACGAAGUCGGCGAUGGGGCUGGUGUACUUCGUCGUGCU,0.5981222573732013,0.47727444767951965
GCUUCAGCCGCUACCCCGA,GACUGGAUGCCGCACGUCACGAAGUCGGCGAUGGGGCUGGUGUACUUCGUCGUGCUG,0.7782426778242679,0.32850661873817444
CUUCAGCCGCUACCCCGAC,ACUGGAUGCCGCACGUCACGAAGUCGGCGAUGGGGCUGGUGUACUUCGUCGUGCUGA,0.6132258393713645,0.4571266770362854
UUCAGCCGCUACCCCGACC,CUGGAUGCCGCACGUCACGAAGUCGGCGAUGGGGCUGGUGUACUUCGUCGUGCUGAA,0.3737116032248188,0.5316794514656067
UCAGCCGCUACCCCGACCA,UGGAUGCCGCACGUCACGAAGUCGGCGAUGGGGCUGGUGUACUUCGUCGUGCUGAAG,0.5959791815491376,0.5055071115493774
CAGCCGCUACCCCGACCAC,GGAUGCCGCACGUCACGAAGUCGGCGAUGGGGCUGGUGUACUUCGUCGUGCUGAAGA,0.3811613429941831,0.4326220750808716
AGCCGCUACCCCGACCACA,GAUGCCGCACGUCACGAAGUCGGCGAUGGGGCUGGUGUACUUCGUCGUGCUGAAGAA,0.3426880293907541,0.4370028078556061
GCCGCUACCCCGACCACAU,AUGCCGCACGUCACGAAGUCGGCGAUGGGGCUGGUGUACUUCGUCGUGCUGAAGAAG,0.4561689968364119,0.3428223431110382
CCGCUACCCCGACCACAUG,UGCCGCACGUCACGAAGUCGGCGAUGGGGCUGGUGUACUUCGUCGUGCUGAAGAAGU,0.4528013062557404,0.4295717179775238
CGCUACCCCGACCACAUGA,GCCGCACGUCACGAAGUCGGCGAUGGGGCUGGUGUACUUCGUCGUGCUGAAGAAGUU,0.4151444024900499,0.314501017332077
GCUACCCCGACCACAUGAA,CCGCACGUCACGAAGUCGGCGAUGGGGCUGGUGUACUUCGUCGUGCUGAAGAAGUUC,0.4566792529849985,0.3116767704486847
CUACCCCGACCACAUGAAG,CGCACGUCACGAAGUCGGCGAUGGGGCUGGUGUACUUCGUCGUGCUGAAGAAGUUCA,0.4048372282886009,0.43166375160217285
UACCCCGACCACAUGAAGC,GCACGUCACGAAGUCGGCGAUGGGGCUGGUGUACUUCGUCGUGCUGAAGAAGUUCAG,0.3150321461373609,0.6078335642814636
ACCCCGACCACAUGAAGCA,CACGUCACGAAGUCGGCGAUGGGGCUGGUGUACUUCGUCGUGCUGAAGAAGUUCAGG,0.6407796713950403,0.4110739231109619
CCCCGACCACAUGAAGCAG,ACGUCACGAAGUCGGCGAUGGGGCUGGUGUACUUCGUCGUGCUGAAGAAGUUCAGGC,0.3337075211756302,0.4486177861690521
CCCGACCACAUGAAGCAGC,CGUCACGAAGUCGGCGAUGGGGCUGGUGUACUUCGUCGUGCUGAAGAAGUUCAGGCG,0.4131033778957036,0.46073582768440247
CCGACCACAUGAAGCAGCA,GUCACGAAGUCGGCGAUGGGGCUGGUGUACUUCGUCGUGCUGAAGAAGUUCAGGCGG,0.5180120420451066,0.4352482259273529
CGACCACAUGAAGCAGCAC,UCACGAAGUCGGCGAUGGGGCUGGUGUACUUCGUCGUGCUGAAGAAGUUCAGGCGGU,0.6366976222063476,0.43482547998428345
GACCACAUGAAGCAGCACG,CACGAAGUCGGCGAUGGGGCUGGUGUACUUCGUCGUGCUGAAGAAGUUCAGGCGGUA,0.5108684559648944,0.5439149141311646
ACCACAUGAAGCAGCACGA,ACGAAGUCGGCGAUGGGGCUGGUGUACUUCGUCGUGCUGAAGAAGUUCAGGCGGUAC,0.7217062965608736,0.5074722170829773
CCACAUGAAGCAGCACGAC,CGAAGUCGGCGAUGGGGCUGGUGUACUUCGUCGUGCUGAAGAAGUUCAGGCGGUACG,0.6854781100112257,0.4772171974182129
CACAUGAAGCAGCACGACU,GAAGUCGGCGAUGGGGCUGGUGUACUUCGUCGUGCUGAAGAAGUUCAGGCGGUACGG,0.6578222267578324,0.5085867643356323
ACAUGAAGCAGCACGACUU,AAGUCGGCGAUGGGGCUGGUGUACUUCGUCGUGCUGAAGAAGUUCAGGCGGUACGGG,0.844065720991938,0.5263816714286804
CAUGAAGCAGCACGACUUC,AGUCGGCGAUGGGGCUGGUGUACUUCGUCGUGCUGAAGAAGUUCAGGCGGUACGGGC,0.6755791407286459,0.5411993861198425
AUGAAGCAGCACGACUUCU,GUCGGCGAUGGGGCUGGUGUACUUCGUCGUGCUGAAGAAGUUCAGGCGGUACGGGCU,0.6880293907541587,0.522398054599762
UGAAGCAGCACGACUUCUU,UCGGCGAUGGGGCUGGUGUACUUCGUCGUGCUGAAGAAGUUCAGGCGGUACGGGCUU,0.6485355648535565,0.5210537314414978
GAAGCAGCACGACUUCUUC,CGGCGAUGGGGCUGGUGUACUUCGUCGUGCUGAAGAAGUUCAGGCGGUACGGGCUUC,0.6601694050413308,0.5032612085342407
AAGCAGCACGACUUCUUCA,GGCGAUGGGGCUGGUGUACUUCGUCGUGCUGAAGAAGUUCAGGCGGUACGGGCUUCC,0.5203592203286049,0.49889132380485535
AGCAGCACGACUUCUUCAA,GCGAUGGGGCUGGUGUACUUCGUCGUGCUGAAGAAGUUCAGGCGGUACGGGCUUCCG,0.5402592101234821,0.38624799251556396
GCAGCACGACUUCUUCAAG,CGAUGGGGCUGGUGUACUUCGUCGUGCUGAAGAAGUUCAGGCGGUACGGGCUUCCGA,0.647719155015818,0.39152050018310547
CAGCACGACUUCUUCAAGU,GAUGGGGCUGGUGUACUUCGUCGUGCUGAAGAAGUUCAGGCGGUACGGGCUUCCGAU,0.7938565159710176,0.4477834105491638
AGCACGACUUCUUCAAGUC,AUGGGGCUGGUGUACUUCGUCGUGCUGAAGAAGUUCAGGCGGUACGGGCUUCCGAUG,0.7804878048780489,0.5474415421485901
GCACGACUUCUUCAAGUCC,UGGGGCUGGUGUACUUCGUCGUGCUGAAGAAGUUCAGGCGGUACGGGCUUCCGAUGC,0.7982447188488622,0.4695795178413391
CACGACUUCUUCAAGUCCG,GGGGCUGGUGUACUUCGUCGUGCUGAAGAAGUUCAGGCGGUACGGGCUUCCGAUGCA,0.7731401163384021,0.4976436495780945
ACGACUUCUUCAAGUCCGC,GGGCUGGUGUACUUCGUCGUGCUGAAGAAGUUCAGGCGGUACGGGCUUCCGAUGCAG,0.5312787019083579,0.6016281843185425
CGACUUCUUCAAGUCCGCC,GGCUGGUGUACUUCGUCGUGCUGAAGAAGUUCAGGCGGUACGGGCUUCCGAUGCAGG,0.4491274619859169,0.5189080834388733
GACUUCUUCAAGUCCGCCA,GCUGGUGUACUUCGUCGUGCUGAAGAAGUUCAGGCGGUACGGGCUUCCGAUGCAGGU,0.5794468823349321,0.44862329959869385
ACUUCUUCAAGUCCGCCAU,CUGGUGUACUUCGUCGUGCUGAAGAAGUUCAGGCGGUACGGGCUUCCGAUGCAGGUC,0.6013878967241556,0.440211683511734
CUUCUUCAAGUCCGCCAUG,UGGUGUACUUCGUCGUGCUGAAGAAGUUCAGGCGGUACGGGCUUCCGAUGCAGGUCC,0.5243392182875805,0.5762069225311279
UUCUUCAAGUCCGCCAUGC,GGUGUACUUCGUCGUGCUGAAGAAGUUCAGGCGGUACGGGCUUCCGAUGCAGGUCCU,0.3181957342585978,0.6406022310256958
UCUUCAAGUCCGCCAUGCC,GUGUACUUCGUCGUGCUGAAGAAGUUCAGGCGGUACGGGCUUCCGAUGCAGGUCCUC,0.4484131033778957,0.6147217750549316
CUUCAAGUCCGCCAUGCCC,UGUACUUCGUCGUGCUGAAGAAGUUCAGGCGGUACGGGCUUCCGAUGCAGGUCCUCG,0.5209715277069089,0.506361722946167
UUCAAGUCCGCCAUGCCCG,GUACUUCGUCGUGCUGAAGAAGUUCAGGCGGUACGGGCUUCCGAUGCAGGUCCUCGC,0.3813654454536177,0.5849884748458862
UCAAGUCCGCCAUGCCCGA,UACUUCGUCGUGCUGAAGAAGUUCAGGCGGUACGGGCUUCCGAUGCAGGUCCUCGCG,0.4819879579548933,0.4858153164386749
CAAGUCCGCCAUGCCCGAA,ACUUCGUCGUGCUGAAGAAGUUCAGGCGGUACGGGCUUCCGAUGCAGGUCCUCGCGU,0.4980100010205123,0.36589083075523376
AAGUCCGCCAUGCCCGAAG,CUUCGUCGUGCUGAAGAAGUUCAGGCGGUACGGGCUUCCGAUGCAGGUCCUCGCGUG,0.4166751709358098,0.5241697430610657
AGUCCGCCAUGCCCGAAGG,UUCGUCGUGCUGAAGAAGUUCAGGCGGUACGGGCUUCCGAUGCAGGUCCUCGCGUGG,0.4804571895091336,0.44615769386291504
GUCCGCCAUGCCCGAAGGC,UCGUCGUGCUGAAGAAGUUCAGGCGGUACGGGCUUCCGAUGCAGGUCCUCGCGUGGU,0.8837636493519747,0.41199415922164917
UCCGCCAUGCCCGAAGGCU,CGUCGUGCUGAAGAAGUUCAGGCGGUACGGGCUUCCGAUGCAGGUCCUCGCGUGGUA,0.4703541177671191,0.45503202080726624
CCGCCAUGCCCGAAGGCUA,GUCGUGCUGAAGAAGUUCAGGCGGUACGGGCUUCCGAUGCAGGUCCUCGCGUGGUAG,0.6904786202673743,0.33077460527420044
CGCCAUGCCCGAAGGCUAC,UCGUGCUGAAGAAGUUCAGGCGGUACGGGCUUCCGAUGCAGGUCCUCGCGUGGUAGA,0.6319012144096336,0.3910760283470154
GCCAUGCCCGAAGGCUACG,CGUGCUGAAGAAGUUCAGGCGGUACGGGCUUCCGAUGCAGGUCCUCGCGUGGUAGAA,0.6898663128890703,0.3838330805301666
CCAUGCCCGAAGGCUACGU,GUGCUGAAGAAGUUCAGGCGGUACGGGCUUCCGAUGCAGGUCCUCGCGUGGUAGAAG,0.5698540667415043,0.38914117217063904
CAUGCCCGAAGGCUACGUC,UGCUGAAGAAGUUCAGGCGGUACGGGCUUCCGAUGCAGGUCCUCGCGUGGUAGAAGA,0.3809572405347484,0.45685163140296936
AUGCCCGAAGGCUACGUCC,GCUGAAGAAGUUCAGGCGGUACGGGCUUCCGAUGCAGGUCCUCGCGUGGUAGAAGAA,0.1800183692213491,0.532554030418396
UGCCCGAAGGCUACGUCCA,CUGAAGAAGUUCAGGCGGUACGGGCUUCCGAUGCAGGUCCUCGCGUGGUAGAAGAAG,0.5410756199612206,0.44155529141426086
GCCCGAAGGCUACGUCCAG,UGAAGAAGUUCAGGCGGUACGGGCUUCCGAUGCAGGUCCUCGCGUGGUAGAAGAAGU,0.402285947545668,0.3885561525821686
CCCGAAGGCUACGUCCAGG,GAAGAAGUUCAGGCGGUACGGGCUUCCGAUGCAGGUCCUCGCGUGGUAGAAGAAGUU,0.4509643841208287,0.41029292345046997
CCGAAGGCUACGUCCAGGA,AAGAAGUUCAGGCGGUACGGGCUUCCGAUGCAGGUCCUCGCGUGGUAGAAGAAGUUC,0.3868762118583528,0.38963866233825684
CGAAGGCUACGUCCAGGAG,AGAAGUUCAGGCGGUACGGGCUUCCGAUGCAGGUCCUCGCGUGGUAGAAGAAGUUCC,0.4481069496887437,0.4107562005519867
GAAGGCUACGUCCAGGAGC,GAAGUUCAGGCGGUACGGGCUUCCGAUGCAGGUCCUCGCGUGGUAGAAGAAGUUCCU,0.3908562098173282,0.5087297558784485
AAGGCUACGUCCAGGAGCG,AAGUUCAGGCGGUACGGGCUUCCGAUGCAGGUCCUCGCGUGGUAGAAGAAGUUCCUG,0.5182161445045413,0.59425288438797
AGGCUACGUCCAGGAGCGC,AGUUCAGGCGGUACGGGCUUCCGAUGCAGGUCCUCGCGUGGUAGAAGAAGUUCCUGC,0.4405551586896623,0.5846353769302368
GGCUACGUCCAGGAGCGCA,GUUCAGGCGGUACGGGCUUCCGAUGCAGGUCCUCGCGUGGUAGAAGAAGUUCCUGCU,0.7007857944688234,0.35999712347984314
GCUACGUCCAGGAGCGCAC,UUCAGGCGGUACGGGCUUCCGAUGCAGGUCCUCGCGUGGUAGAAGAAGUUCCUGCUG,0.5859781610368405,0.41048985719680786
CUACGUCCAGGAGCGCACC,UCAGGCGGUACGGGCUUCCGAUGCAGGUCCUCGCGUGGUAGAAGAAGUUCCUGCUGC,0.4614756607817124,0.4895467758178711
UACGUCCAGGAGCGCACCA,CAGGCGGUACGGGCUUCCGAUGCAGGUCCUCGCGUGGUAGAAGAAGUUCCUGCUGCC,0.3819777528319216,0.5593346357345581
ACGUCCAGGAGCGCACCAU,AGGCGGUACGGGCUUCCGAUGCAGGUCCUCGCGUGGUAGAAGAAGUUCCUGCUGCCG,0.6918052862536995,0.4256505072116852
CGUCCAGGAGCGCACCAUC,GGCGGUACGGGCUUCCGAUGCAGGUCCUCGCGUGGUAGAAGAAGUUCCUGCUGCCGU,0.5511786917032351,0.46116915345191956
GUCCAGGAGCGCACCAUCU,GCGGUACGGGCUUCCGAUGCAGGUCCUCGCGUGGUAGAAGAAGUUCCUGCUGCCGUU,0.8065108684559649,0.45006999373435974
UCCAGGAGCGCACCAUCUU,CGGUACGGGCUUCCGAUGCAGGUCCUCGCGUGGUAGAAGAAGUUCCUGCUGCCGUUG,0.6964996428206961,0.5365387797355652
CCAGGAGCGCACCAUCUUC,GGUACGGGCUUCCGAUGCAGGUCCUCGCGUGGUAGAAGAAGUUCCUGCUGCCGUUGA,0.5757730380651087,0.5010634064674377
CAGGAGCGCACCAUCUUCU,GUACGGGCUUCCGAUGCAGGUCCUCGCGUGGUAGAAGAAGUUCCUGCUGCCGUUGAU,0.5796509847943668,0.5373389720916748
AGGAGCGCACCAUCUUCUU,UACGGGCUUCCGAUGCAGGUCCUCGCGUGGUAGAAGAAGUUCCUGCUGCCGUUGAUG,0.9575466884375956,0.4779188632965088
GGAGCGCACCAUCUUCUUC,ACGGGCUUCCGAUGCAGGUCCUCGCGUGGUAGAAGAAGUUCCUGCUGCCGUUGAUGU,0.6211858352893153,0.5860353708267212
GAGCGCACCAUCUUCUUCA,CGGGCUUCCGAUGCAGGUCCUCGCGUGGUAGAAGAAGUUCCUGCUGCCGUUGAUGUU,0.7411980814368814,0.44181007146835327
AGCGCACCAUCUUCUUCAA,GGGCUUCCGAUGCAGGUCCUCGCGUGGUAGAAGAAGUUCCUGCUGCCGUUGAUGUUC,0.7633431982855393,0.4042186737060547
GCGCACCAUCUUCUUCAAG,GGCUUCCGAUGCAGGUCCUCGCGUGGUAGAAGAAGUUCCUGCUGCCGUUGAUGUUCU,0.5091335850597,0.3742407560348511
CGCACCAUCUUCUUCAAGG,GCUUCCGAUGCAGGUCCUCGCGUGGUAGAAGAAGUUCCUGCUGCCGUUGAUGUUCUG,0.719869374425962,0.47056901454925537
GCACCAUCUUCUUCAAGGA,CUUCCGAUGCAGGUCCUCGCGUGGUAGAAGAAGUUCCUGCUGCCGUUGAUGUUCUGG,0.8079395856720074,0.3897663652896881
CACCAUCUUCUUCAAGGAC,UUCCGAUGCAGGUCCUCGCGUGGUAGAAGAAGUUCCUGCUGCCGUUGAUGUUCUGGG,0.5824063679967344,0.5601739883422852
ACCAUCUUCUUCAAGGACG,UCCGAUGCAGGUCCUCGCGUGGUAGAAGAAGUUCCUGCUGCCGUUGAUGUUCUGGGC,0.6166955811817533,0.5809082388877869
CCAUCUUCUUCAAGGACGA,CCGAUGCAGGUCCUCGCGUGGUAGAAGAAGUUCCUGCUGCCGUUGAUGUUCUGGGCG,0.844065720991938,0.4476487338542938
CAUCUUCUUCAAGGACGAC,CGAUGCAGGUCCUCGCGUGGUAGAAGAAGUUCCUGCUGCCGUUGAUGUUCUGGGCGC,0.4101438922339014,0.5250157117843628
AUCUUCUUCAAGGACGACG,GAUGCAGGUCCUCGCGUGGUAGAAGAAGUUCCUGCUGCCGUUGAUGUUCUGGGCGCG,0.3844269823451373,0.5923132300376892
UCUUCUUCAAGGACGACGG,AUGCAGGUCCUCGCGUGGUAGAAGAAGUUCCUGCUGCCGUUGAUGUUCUGGGCGCGG,0.2980916420042862,0.5719837546348572
CUUCUUCAAGGACGACGGC,UGCAGGUCCUCGCGUGGUAGAAGAAGUUCCUGCUGCCGUUGAUGUUCUGGGCGCGGC,0.3205429125420961,0.5203689336776733
UUCUUCAAGGACGACGGCA,GCAGGUCCUCGCGUGGUAGAAGAAGUUCCUGCUGCCGUUGAUGUUCUGGGCGCGGCU,0.4563730992958465,0.4827245771884918
UCUUCAAGGACGACGGCAA,CAGGUCCUCGCGUGGUAGAAGAAGUUCCUGCUGCCGUUGAUGUUCUGGGCGCGGCUC,0.7050719461169508,0.39971891045570374
CUUCAAGGACGACGGCAAC,AGGUCCUCGCGUGGUAGAAGAAGUUCCUGCUGCCGUUGAUGUUCUGGGCGCGGCUCC,0.5864884171854271,0.43039363622665405
UUCAAGGACGACGGCAACU,GGUCCUCGCGUGGUAGAAGAAGUUCCUGCUGCCGUUGAUGUUCUGGGCGCGGCUCCA,0.5506684355546485,0.5224413871765137
UCAAGGACGACGGCAACUA,GUCCUCGCGUGGUAGAAGAAGUUCCUGCUGCCGUUGAUGUUCUGGGCGCGGCUCCAC,0.7361975711807328,0.4950343668460846
CAAGGACGACGGCAACUAC,UCCUCGCGUGGUAGAAGAAGUUCCUGCUGCCGUUGAUGUUCUGGGCGCGGCUCCACU,0.4803551382794163,0.4715571403503418
AAGGACGACGGCAACUACA,CCUCGCGUGGUAGAAGAAGUUCCUGCUGCCGUUGAUGUUCUGGGCGCGGCUCCACUU,0.6470047964077967,0.4698737859725952
AGGACGACGGCAACUACAA,CUCGCGUGGUAGAAGAAGUUCCUGCUGCCGUUGAUGUUCUGGGCGCGGCUCCACUUC,0.6380242881926728,0.37424802780151367
GGACGACGGCAACUACAAG,UCGCGUGGUAGAAGAAGUUCCUGCUGCCGUUGAUGUUCUGGGCGCGGCUCCACUUCA,0.5432186957852843,0.39262694120407104
GACGACGGCAACUACAAGA,CGCGUGGUAGAAGAAGUUCCUGCUGCCGUUGAUGUUCUGGGCGCGGCUCCACUUCAA,0.5903663639146852,0.37543848156929016
ACGACGGCAACUACAAGAC,GCGUGGUAGAAGAAGUUCCUGCUGCCGUUGAUGUUCUGGGCGCGGCUCCACUUCAAG,0.457495662822737,0.5137959718704224
CGACGGCAACUACAAGACC,CGUGGUAGAAGAAGUUCCUGCUGCCGUUGAUGUUCUGGGCGCGGCUCCACUUCAAGC,0.8210021430758242,0.4380466043949127
GACGGCAACUACAAGACCC,GUGGUAGAAGAAGUUCCUGCUGCCGUUGAUGUUCUGGGCGCGGCUCCACUUCAAGCU,0.7146647617103786,0.5759882926940918
ACGGCAACUACAAGACCCG,UGGUAGAAGAAGUUCCUGCUGCCGUUGAUGUUCUGGGCGCGGCUCCACUUCAAGCUC,0.7075211756301664,0.5047773122787476
CGGCAACUACAAGACCCGC,GGUAGAAGAAGUUCCUGCUGCCGUUGAUGUUCUGGGCGCGGCUCCACUUCAAGCUCC,0.5061740993978978,0.48509758710861206
GGCAACUACAAGACCCGCG,GUAGAAGAAGUUCCUGCUGCCGUUGAUGUUCUGGGCGCGGCUCCACUUCAAGCUCCC,0.5168894785182162,0.4799298942089081
GCAACUACAAGACCCGCGC,UAGAAGAAGUUCCUGCUGCCGUUGAUGUUCUGGGCGCGGCUCCACUUCAAGCUCCCG,0.4882130829676498,0.5305034518241882
CAACUACAAGACCCGCGCC,AGAAGAAGUUCCUGCUGCCGUUGAUGUUCUGGGCGCGGCUCCACUUCAAGCUCCCGC,0.5450556179201961,0.5786094069480896
AACUACAAGACCCGCGCCG,GAAGAAGUUCCUGCUGCCGUUGAUGUUCUGGGCGCGGCUCCACUUCAAGCUCCCGCU,0.3529952035922033,0.5821118354797363
ACUACAAGACCCGCGCCGA,AAGAAGUUCCUGCUGCCGUUGAUGUUCUGGGCGCGGCUCCACUUCAAGCUCCCGCUG,0.5514848453923871,0.43203261494636536
CUACAAGACCCGCGCCGAG,AGAAGUUCCUGCUGCCGUUGAUGUUCUGGGCGCGGCUCCACUUCAAGCUCCCGCUGU,0.7633431982855393,0.49539658427238464
UACAAGACCCGCGCCGAGG,GAAGUUCCUGCUGCCGUUGAUGUUCUGGGCGCGGCUCCACUUCAAGCUCCCGCUGUG,0.5325033166649659,0.5418968796730042
ACAAGACCCGCGCCGAGGU,AAGUUCCUGCUGCCGUUGAUGUUCUGGGCGCGGCUCCACUUCAAGCUCCCGCUGUGG,0.6010817430350036,0.460446298122406
CAAGACCCGCGCCGAGGUG,AGUUCCUGCUGCCGUUGAUGUUCUGGGCGCGGCUCCACUUCAAGCUCCCGCUGUGGG,0.4579038677416063,0.4310706853866577
AAGACCCGCGCCGAGGUGA,GUUCCUGCUGCCGUUGAUGUUCUGGGCGCGGCUCCACUUCAAGCUCCCGCUGUGGGA,0.4854576997652822,0.43293654918670654
AGACCCGCGCCGAGGUGAA,UUCCUGCUGCCGUUGAUGUUCUGGGCGCGGCUCCACUUCAAGCUCCCGCUGUGGGAC,0.8094703541177671,0.34590473771095276
GACCCGCGCCGAGGUGAAG,UCCUGCUGCCGUUGAUGUUCUGGGCGCGGCUCCACUUCAAGCUCCCGCUGUGGGACC,0.7334421879783652,0.4135187268257141
ACCCGCGCCGAGGUGAAGU,CCUGCUGCCGUUGAUGUUCUGGGCGCGGCUCCACUUCAAGCUCCCGCUGUGGGACCA,0.5862843147259925,0.383063942193985
CCCGCGCCGAGGUGAAGUU,CUGCUGCCGUUGAUGUUCUGGGCGCGGCUCCACUUCAAGCUCCCGCUGUGGGACCAC,0.5607715072966629,0.3264499604701996
CCGCGCCGAGGUGAAGUUC,UGCUGCCGUUGAUGUUCUGGGCGCGGCUCCACUUCAAGCUCCCGCUGUGGGACCACU,0.2870701091948158,0.38803786039352417
CGCGCCGAGGUGAAGUUCG,GCUGCCGUUGAUGUUCUGGGCGCGGCUCCACUUCAAGCUCCCGCUGUGGGACCACUU,0.7817124196346565,0.3748425841331482
GCGCCGAGGUGAAGUUCGA,CUGCCGUUGAUGUUCUGGGCGCGGCUCCACUUCAAGCUCCCGCUGUGGGACCACUUG,0.8923359526482294,0.30839666724205017
CGCCGAGGUGAAGUUCGAG,UGCCGUUGAUGUUCUGGGCGCGGCUCCACUUCAAGCUCCCGCUGUGGGACCACUUGG,0.6796611899173385,0.3925589323043823
GCCGAGGUGAAGUUCGAGG,GCCGUUGAUGUUCUGGGCGCGGCUCCACUUCAAGCUCCCGCUGUGGGACCACUUGGC,0.4832125727115012,0.37088319659233093
CCGAGGUGAAGUUCGAGGG,CCGUUGAUGUUCUGGGCGCGGCUCCACUUCAAGCUCCCGCUGUGGGACCACUUGGCG,0.6644555566894581,0.4051107168197632
CGAGGUGAAGUUCGAGGGC,CGUUGAUGUUCUGGGCGCGGCUCCACUUCAAGCUCCCGCUGUGGGACCACUUGGCGU,0.4093274823961629,0.4031356871128082
GAGGUGAAGUUCGAGGGCG,GUUGAUGUUCUGGGCGCGGCUCCACUUCAAGCUCCCGCUGUGGGACCACUUGGCGUA,0.5933258495764875,0.453821063041687
AGGUGAAGUUCGAGGGCGA,UUGAUGUUCUGGGCGCGGCUCCACUUCAAGCUCCCGCUGUGGGACCACUUGGCGUAG,0.7760996020002041,0.4058716595172882
GGUGAAGUUCGAGGGCGAC,UGAUGUUCUGGGCGCGGCUCCACUUCAAGCUCCCGCUGUGGGACCACUUGGCGUAGC,0.6953770792938055,0.397369921207428
GUGAAGUUCGAGGGCGACA,GAUGUUCUGGGCGCGGCUCCACUUCAAGCUCCCGCUGUGGGACCACUUGGCGUAGCU,0.7037452801306255,0.38537687063217163
UGAAGUUCGAGGGCGACAC,AUGUUCUGGGCGCGGCUCCACUUCAAGCUCCCGCUGUGGGACCACUUGGCGUAGCUC,0.678538626390448,0.5746888518333435
GAAGUUCGAGGGCGACACC,UGUUCUGGGCGCGGCUCCACUUCAAGCUCCCGCUGUGGGACCACUUGGCGUAGCUCG,0.529033574854577,0.46244290471076965
AAGUUCGAGGGCGACACCC,GUUCUGGGCGCGGCUCCACUUCAAGCUCCCGCUGUGGGACCACUUGGCGUAGCUCGA,0.3936115930196959,0.5229178071022034
AGUUCGAGGGCGACACCCU,UUCUGGGCGCGGCUCCACUUCAAGCUCCCGCUGUGGGACCACUUGGCGUAGCUCGAC,0.5480151035819982,0.4113958775997162
GUUCGAGGGCGACACCCUG,UCUGGGCGCGGCUCCACUUCAAGCUCCCGCUGUGGGACCACUUGGCGUAGCUCGACU,0.6020002041024595,0.41074615716934204
UUCGAGGGCGACACCCUGG,CUGGGCGCGGCUCCACUUCAAGCUCCCGCUGUGGGACCACUUGGCGUAGCUCGACUU,0.2749260128584549,0.4589172899723053
UCGAGGGCGACACCCUGGU,UGGGCGCGGCUCCACUUCAAGCUCCCGCUGUGGGACCACUUGGCGUAGCUCGACUUC,0.3327890601081743,0.42966461181640625
CGAGGGCGACACCCUGGUG,GGGCGCGGCUCCACUUCAAGCUCCCGCUGUGGGACCACUUGGCGUAGCUCGACUUCC,0.2580875599550974,0.33617541193962097
GAGGGCGACACCCUGGUGA,GGCGCGGCUCCACUUCAAGCUCCCGCUGUGGGACCACUUGGCGUAGCUCGACUUCCC,0.4008572303296255,0.3362219035625458
AGGGCGACACCCUGGUGAA,GCGCGGCUCCACUUCAAGCUCCCGCUGUGGGACCACUUGGCGUAGCUCGACUUCCCG,0.5670986835391367,0.3463694453239441
GGGCGACACCCUGGUGAAC,CGCGGCUCCACUUCAAGCUCCCGCUGUGGGACCACUUGGCGUAGCUCGACUUCCCGU,0.4520869476477192,0.3892228305339813
GGCGACACCCUGGUGAACC,GCGGCUCCACUUCAAGCUCCCGCUGUGGGACCACUUGGCGUAGCUCGACUUCCCGUA,0.6327176242473722,0.4364430904388428
GCGACACCCUGGUGAACCG,CGGCUCCACUUCAAGCUCCCGCUGUGGGACCACUUGGCGUAGCUCGACUUCCCGUAG,0.8261047045616899,0.41438984870910645
CGACACCCUGGUGAACCGC,GGCUCCACUUCAAGCUCCCGCUGUGGGACCACUUGGCGUAGCUCGACUUCCCGUAGC,0.3922849270333707,0.44587501883506775
GACACCCUGGUGAACCGCA,GCUCCACUUCAAGCUCCCGCUGUGGGACCACUUGGCGUAGCUCGACUUCCCGUAGCU,0.5240330645984285,0.43399032950401306
ACACCCUGGUGAACCGCAU,CUCCACUUCAAGCUCCCGCUGUGGGACCACUUGGCGUAGCUCGACUUCCCGUAGCUG,0.7718134503520767,0.4305986762046814
CACCCUGGUGAACCGCAUC,UCCACUUCAAGCUCCCGCUGUGGGACCACUUGGCGUAGCUCGACUUCCCGUAGCUGA,0.6735381161342995,0.469246506690979
ACCCUGGUGAACCGCAUCG,CCACUUCAAGCUCCCGCUGUGGGACCACUUGGCGUAGCUCGACUUCCCGUAGCUGAA,0.5185222981936933,0.4535033702850342
CCCUGGUGAACCGCAUCGA,CACUUCAAGCUCCCGCUGUGGGACCACUUGGCGUAGCUCGACUUCCCGUAGCUGAAG,0.8455964894376978,0.3276688754558563
CCUGGUGAACCGCAUCGAG,ACUUCAAGCUCCCGCUGUGGGACCACUUGGCGUAGCUCGACUUCCCGUAGCUGAAGU,0.654454536177161,0.40076833963394165
CUGGUGAACCGCAUCGAGC,CUUCAAGCUCCCGCUGUGGGACCACUUGGCGUAGCUCGACUUCCCGUAGCUGAAGUU,0.5676089396877233,0.5789839029312134
UGGUGAACCGCAUCGAGCU,UUCAAGCUCCCGCUGUGGGACCACUUGGCGUAGCUCGACUUCCCGUAGCUGAAGUUC,0.6294519848964181,0.5916723012924194
GGUGAACCGCAUCGAGCUG,UCAAGCUCCCGCUGUGGGACCACUUGGCGUAGCUCGACUUCCCGUAGCUGAAGUUCC,0.5892438003877948,0.4514586925506592
GUGAACCGCAUCGAGCUGA,CAAGCUCCCGCUGUGGGACCACUUGGCGUAGCUCGACUUCCCGUAGCUGAAGUUCCU,0.7271150117358914,0.39561739563941956
UGAACCGCAUCGAGCUGAA,AAGCUCCCGCUGUGGGACCACUUGGCGUAGCUCGACUUCCCGUAGCUGAAGUUCCUC,0.7924277987549752,0.47686582803726196
GAACCGCAUCGAGCUGAAG,AGCUCCCGCUGUGGGACCACUUGGCGUAGCUCGACUUCCCGUAGCUGAAGUUCCUCC,0.7083375854679049,0.48757994174957275
AACCGCAUCGAGCUGAAGG,GCUCCCGCUGUGGGACCACUUGGCGUAGCUCGACUUCCCGUAGCUGAAGUUCCUCCU,0.5359730584753547,0.541572093963623
ACCGCAUCGAGCUGAAGGG,CUCCCGCUGUGGGACCACUUGGCGUAGCUCGACUUCCCGUAGCUGAAGUUCCUCCUG,0.7152770690886826,0.5401068925857544
CCGCAUCGAGCUGAAGGGC,UCCCGCUGUGGGACCACUUGGCGUAGCUCGACUUCCCGUAGCUGAAGUUCCUCCUGC,0.3827941626696601,0.43258121609687805
CGCAUCGAGCUGAAGGGCA,CCCGCUGUGGGACCACUUGGCGUAGCUCGACUUCCCGUAGCUGAAGUUCCUCCUGCC,0.8256964996428208,0.3647749125957489
GCAUCGAGCUGAAGGGCAU,CCGCUGUGGGACCACUUGGCGUAGCUCGACUUCCCGUAGCUGAAGUUCCUCCUGCCG,0.853658536585366,0.35527005791664124
CAUCGAGCUGAAGGGCAUC,CGCUGUGGGACCACUUGGCGUAGCUCGACUUCCCGUAGCUGAAGUUCCUCCUGCCGU,0.7416062863557507,0.5510594844818115
AUCGAGCUGAAGGGCAUCG,GCUGUGGGACCACUUGGCGUAGCUCGACUUCCCGUAGCUGAAGUUCCUCCUGCCGUU,0.4765792427798755,0.5843376517295837
UCGAGCUGAAGGGCAUCGA,CUGUGGGACCACUUGGCGUAGCUCGACUUCCCGUAGCUGAAGUUCCUCCUGCCGUUG,0.5308704969894887,0.5769627690315247
CGAGCUGAAGGGCAUCGAC,UGUGGGACCACUUGGCGUAGCUCGACUUCCCGUAGCUGAAGUUCCUCCUGCCGUUGU,0.6687417083375855,0.45652586221694946
GAGCUGAAGGGCAUCGACU,GUGGGACCACUUGGCGUAGCUCGACUUCCCGUAGCUGAAGUUCCUCCUGCCGUUGUA,0.6174099397897745,0.5312801599502563
AGCUGAAGGGCAUCGACUU,UGGGACCACUUGGCGUAGCUCGACUUCCCGUAGCUGAAGUUCCUCCUGCCGUUGUAG,0.8165118889682622,0.4814320206642151
GCUGAAGGGCAUCGACUUC,GGGACCACUUGGCGUAGCUCGACUUCCCGUAGCUGAAGUUCCUCCUGCCGUUGUAGG,0.6791509337687519,0.42722591757774353
CUGAAGGGCAUCGACUUCA,GGACCACUUGGCGUAGCUCGACUUCCCGUAGCUGAAGUUCCUCCUGCCGUUGUAGGA,0.7588529441779774,0.4202873110771179
UGAAGGGCAUCGACUUCAA,GACCACUUGGCGUAGCUCGACUUCCCGUAGCUGAAGUUCCUCCUGCCGUUGUAGGAC,0.6535360751097051,0.5010567903518677
GAAGGGCAUCGACUUCAAG,ACCACUUGGCGUAGCUCGACUUCCCGUAGCUGAAGUUCCUCCUGCCGUUGUAGGACC,0.6068986631288907,0.5189031958580017
AAGGGCAUCGACUUCAAGG,CCACUUGGCGUAGCUCGACUUCCCGUAGCUGAAGUUCCUCCUGCCGUUGUAGGACCC,0.4406572099193795,0.6261951327323914
AGGGCAUCGACUUCAAGGA,CACUUGGCGUAGCUCGACUUCCCGUAGCUGAAGUUCCUCCUGCCGUUGUAGGACCCC,0.8158995815899582,0.4950755834579468
GGGCAUCGACUUCAAGGAG,ACUUGGCGUAGCUCGACUUCCCGUAGCUGAAGUUCCUCCUGCCGUUGUAGGACCCCG,0.5942443106439432,0.4328027069568634
GGCAUCGACUUCAAGGAGG,CUUGGCGUAGCUCGACUUCCCGUAGCUGAAGUUCCUCCUGCCGUUGUAGGACCCCGU,0.8471272578834577,0.5014075040817261
GCAUCGACUUCAAGGAGGA,UUGGCGUAGCUCGACUUCCCGUAGCUGAAGUUCCUCCUGCCGUUGUAGGACCCCGUG,0.9378508011021534,0.43597206473350525
CAUCGACUUCAAGGAGGAC,UGGCGUAGCUCGACUUCCCGUAGCUGAAGUUCCUCCUGCCGUUGUAGGACCCCGUGU,0.5279110113276865,0.5804381966590881
AUCGACUUCAAGGAGGACG,GGCGUAGCUCGACUUCCCGUAGCUGAAGUUCCUCCUGCCGUUGUAGGACCCCGUGUU,0.1996122053270742,0.6489318013191223
UCGACUUCAAGGAGGACGG,GCGUAGCUCGACUUCCCGUAGCUGAAGUUCCUCCUGCCGUUGUAGGACCCCGUGUUC,0.451066435350546,0.6493231058120728
CGACUUCAAGGAGGACGGC,CGUAGCUCGACUUCCCGUAGCUGAAGUUCCUCCUGCCGUUGUAGGACCCCGUGUUCG,0.4303500357179304,0.58839350938797
GACUUCAAGGAGGACGGCA,GUAGCUCGACUUCCCGUAGCUGAAGUUCCUCCUGCCGUUGUAGGACCCCGUGUUCGA,0.5478110011225635,0.4547918438911438
ACUUCAAGGAGGACGGCAA,UAGCUCGACUUCCCGUAGCUGAAGUUCCUCCUGCCGUUGUAGGACCCCGUGUUCGAC,0.8853964690274521,0.47190117835998535
CUUCAAGGAGGACGGCAAC,AGCUCGACUUCCCGUAGCUGAAGUUCCUCCUGCCGUUGUAGGACCCCGUGUUCGACC,0.6413919787733443,0.617620587348938
UUCAAGGAGGACGGCAACA,GCUCGACUUCCCGUAGCUGAAGUUCCUCCUGCCGUUGUAGGACCCCGUGUUCGACCU,0.6959893866721095,0.6649320721626282
UCAAGGAGGACGGCAACAU,CUCGACUUCCCGUAGCUGAAGUUCCUCCUGCCGUUGUAGGACCCCGUGUUCGACCUC,0.9260128584549444,0.6542385220527649
CAAGGAGGACGGCAACAUC,UCGACUUCCCGUAGCUGAAGUUCCUCCUGCCGUUGUAGGACCCCGUGUUCGACCUCA,0.7293601387896724,0.6677088141441345
AAGGAGGACGGCAACAUCC,CGACUUCCCGUAGCUGAAGUUCCUCCUGCCGUUGUAGGACCCCGUGUUCGACCUCAU,0.3161547096642514,0.6796821355819702
AGGAGGACGGCAACAUCCU,GACUUCCCGUAGCUGAAGUUCCUCCUGCCGUUGUAGGACCCCGUGUUCGACCUCAUG,0.6997652821716501,0.638183057308197
GGAGGACGGCAACAUCCUG,ACUUCCCGUAGCUGAAGUUCCUCCUGCCGUUGUAGGACCCCGUGUUCGACCUCAUGU,0.4155526074089193,0.6232737898826599
GAGGACGGCAACAUCCUGG,CUUCCCGUAGCUGAAGUUCCUCCUGCCGUUGUAGGACCCCGUGUUCGACCUCAUGUU,0.1554240228594754,0.6293122172355652
AGGACGGCAACAUCCUGGG,UUCCCGUAGCUGAAGUUCCUCCUGCCGUUGUAGGACCCCGUGUUCGACCUCAUGUUG,0.8226349627513012,0.6286942362785339
GGACGGCAACAUCCUGGGG,UCCCGUAGCUGAAGUUCCUCCUGCCGUUGUAGGACCCCGUGUUCGACCUCAUGUUGA,0.8333503418716196,0.5339584350585938
GACGGCAACAUCCUGGGGC,CCCGUAGCUGAAGUUCCUCCUGCCGUUGUAGGACCCCGUGUUCGACCUCAUGUUGAU,0.2881926727217063,0.5777536630630493
ACGGCAACAUCCUGGGGCA,CCGUAGCUGAAGUUCCUCCUGCCGUUGUAGGACCCCGUGUUCGACCUCAUGUUGAUG,0.8588631493009491,0.5352201461791992
CGGCAACAUCCUGGGGCAC,CGUAGCUGAAGUUCCUCCUGCCGUUGUAGGACCCCGUGUUCGACCUCAUGUUGAUGU,0.5648535564853557,0.44861936569213867
GGCAACAUCCUGGGGCACA,GUAGCUGAAGUUCCUCCUGCCGUUGUAGGACCCCGUGUUCGACCUCAUGUUGAUGUU,0.6998673334013675,0.48293182253837585
GCAACAUCCUGGGGCACAA,UAGCUGAAGUUCCUCCUGCCGUUGUAGGACCCCGUGUUCGACCUCAUGUUGAUGUUG,0.8616185325033168,0.3834353983402252
CAACAUCCUGGGGCACAAG,AGCUGAAGUUCCUCCUGCCGUUGUAGGACCCCGUGUUCGACCUCAUGUUGAUGUUGU,0.7854883151341974,0.6253290772438049
AACAUCCUGGGGCACAAGC,GCUGAAGUUCCUCCUGCCGUUGUAGGACCCCGUGUUCGACCUCAUGUUGAUGUUGUC,0.4027962036942545,0.6666545867919922
ACAUCCUGGGGCACAAGCU,CUGAAGUUCCUCCUGCCGUUGUAGGACCCCGUGUUCGACCUCAUGUUGAUGUUGUCG,0.5664863761608327,0.6435366272926331
CAUCCUGGGGCACAAGCUG,UGAAGUUCCUCCUGCCGUUGUAGGACCCCGUGUUCGACCUCAUGUUGAUGUUGUCGG,0.4604551484845392,0.5881562829017639
AUCCUGGGGCACAAGCUGG,GAAGUUCCUCCUGCCGUUGUAGGACCCCGUGUUCGACCUCAUGUUGAUGUUGUCGGU,0.3357485457699765,0.6290565729141235
UCCUGGGGCACAAGCUGGA,AAGUUCCUCCUGCCGUUGUAGGACCCCGUGUUCGACCUCAUGUUGAUGUUGUCGGUG,0.6596591488927442,0.5898094177246094
CCUGGGGCACAAGCUGGAG,AGUUCCUCCUGCCGUUGUAGGACCCCGUGUUCGACCUCAUGUUGAUGUUGUCGGUGU,0.2725788345749566,0.5706659555435181
CUGGGGCACAAGCUGGAGU,GUUCCUCCUGCCGUUGUAGGACCCCGUGUUCGACCUCAUGUUGAUGUUGUCGGUGUU,0.9273395244412695,0.5668601393699646
UGGGGCACAAGCUGGAGUA,UUCCUCCUGCCGUUGUAGGACCCCGUGUUCGACCUCAUGUUGAUGUUGUCGGUGUUG,0.6622104296356771,0.5813885927200317
GGGGCACAAGCUGGAGUAC,UCCUCCUGCCGUUGUAGGACCCCGUGUUCGACCUCAUGUUGAUGUUGUCGGUGUUGC,0.5184202469639759,0.506216824054718
GGGCACAAGCUGGAGUACA,CCUCCUGCCGUUGUAGGACCCCGUGUUCGACCUCAUGUUGAUGUUGUCGGUGUUGCA,0.906623124808654,0.47582563757896423
GGCACAAGCUGGAGUACAA,CUCCUGCCGUUGUAGGACCCCGUGUUCGACCUCAUGUUGAUGUUGUCGGUGUUGCAG,0.9179508113072764,0.4094729721546173
GCACAAGCUGGAGUACAAC,UCCUGCCGUUGUAGGACCCCGUGUUCGACCUCAUGUUGAUGUUGUCGGUGUUGCAGA,0.8767221145014797,0.5055962800979614
CACAAGCUGGAGUACAACU,CCUGCCGUUGUAGGACCCCGUGUUCGACCUCAUGUUGAUGUUGUCGGUGUUGCAGAU,0.7497703847331361,0.595914900302887
ACAAGCUGGAGUACAACUA,CUGCCGUUGUAGGACCCCGUGUUCGACCUCAUGUUGAUGUUGUCGGUGUUGCAGAUA,0.7925298499846923,0.565687358379364
CAAGCUGGAGUACAACUAC,UGCCGUUGUAGGACCCCGUGUUCGACCUCAUGUUGAUGUUGUCGGUGUUGCAGAUAU,0.7919175426063884,0.6280447840690613
AAGCUGGAGUACAACUACA,GCCGUUGUAGGACCCCGUGUUCGACCUCAUGUUGAUGUUGUCGGUGUUGCAGAUAUA,0.7569139708133483,0.6281880140304565
AGCUGGAGUACAACUACAA,CCGUUGUAGGACCCCGUGUUCGACCUCAUGUUGAUGUUGUCGGUGUUGCAGAUAUAG,0.8326359832635984,0.4961600601673126
GCUGGAGUACAACUACAAC,CGUUGUAGGACCCCGUGUUCGACCUCAUGUUGAUGUUGUCGGUGUUGCAGAUAUAGU,0.7142565567915093,0.48195821046829224
CUGGAGUACAACUACAACA,GUUGUAGGACCCCGUGUUCGACCUCAUGUUGAUGUUGUCGGUGUUGCAGAUAUAGUA,0.7785488315134198,0.6436100006103516
UGGAGUACAACUACAACAG,UUGUAGGACCCCGUGUUCGACCUCAUGUUGAUGUUGUCGGUGUUGCAGAUAUAGUAC,0.5741402183896316,0.6895950436592102
GGAGUACAACUACAACAGC,UGUAGGACCCCGUGUUCGACCUCAUGUUGAUGUUGUCGGUGUUGCAGAUAUAGUACC,0.7553832023675885,0.6602449417114258
GAGUACAACUACAACAGCC,GUAGGACCCCGUGUUCGACCUCAUGUUGAUGUUGUCGGUGUUGCAGAUAUAGUACCG,0.8707010919481579,0.638321042060852
AGUACAACUACAACAGCCA,UAGGACCCCGUGUUCGACCUCAUGUUGAUGUUGUCGGUGUUGCAGAUAUAGUACCGG,0.8282477803857536,0.6120316386222839
GUACAACUACAACAGCCAC,AGGACCCCGUGUUCGACCUCAUGUUGAUGUUGUCGGUGUUGCAGAUAUAGUACCGGC,0.7737524237167057,0.5885681509971619
UACAACUACAACAGCCACA,GGACCCCGUGUUCGACCUCAUGUUGAUGUUGUCGGUGUUGCAGAUAUAGUACCGGCU,0.7063986121032759,0.6751781105995178
ACAACUACAACAGCCACAA,GACCCCGUGUUCGACCUCAUGUUGAUGUUGUCGGUGUUGCAGAUAUAGUACCGGCUG,0.7143586080212267,0.4872346520423889
CAACUACAACAGCCACAAC,ACCCCGUGUUCGACCUCAUGUUGAUGUUGUCGGUGUUGCAGAUAUAGUACCGGCUGU,0.6956832329829575,0.6322900056838989
AACUACAACAGCCACAACG,CCCCGUGUUCGACCUCAUGUUGAUGUUGUCGGUGUUGCAGAUAUAGUACCGGCUGUU,0.6992550260230636,0.6126546263694763
ACUACAACAGCCACAACGU,CCCGUGUUCGACCUCAUGUUGAUGUUGUCGGUGUUGCAGAUAUAGUACCGGCUGUUC,0.9324420859271356,0.5752152800559998
CUACAACAGCCACAACGUC,CCGUGUUCGACCUCAUGUUGAUGUUGUCGGUGUUGCAGAUAUAGUACCGGCUGUUCG,0.8728441677722217,0.6124274134635925
UACAACAGCCACAACGUCU,CGUGUUCGACCUCAUGUUGAUGUUGUCGGUGUUGCAGAUAUAGUACCGGCUGUUCGU,0.8093683028880498,0.6746962666511536
ACAACAGCCACAACGUCUA,GUGUUCGACCUCAUGUUGAUGUUGUCGGUGUUGCAGAUAUAGUACCGGCUGUUCGUC,0.9379528523318706,0.4747128486633301
CAACAGCCACAACGUCUAU,UGUUCGACCUCAUGUUGAUGUUGUCGGUGUUGCAGAUAUAGUACCGGCUGUUCGUCU,0.7993672823757527,0.47192928194999695
AACAGCCACAACGUCUAUA,GUUCGACCUCAUGUUGAUGUUGUCGGUGUUGCAGAUAUAGUACCGGCUGUUCGUCUU,0.74619859169303,0.46371832489967346
ACAGCCACAACGUCUAUAU,UUCGACCUCAUGUUGAUGUUGUCGGUGUUGCAGAUAUAGUACCGGCUGUUCGUCUUC,0.7586488417185427,0.4587685167789459
CAGCCACAACGUCUAUAUC,UCGACCUCAUGUUGAUGUUGUCGGUGUUGCAGAUAUAGUACCGGCUGUUCGUCUUCU,0.734666802734973,0.5844025015830994
AGCCACAACGUCUAUAUCA,CGACCUCAUGUUGAUGUUGUCGGUGUUGCAGAUAUAGUACCGGCUGUUCGUCUUCUU,0.7742626798652925,0.43852198123931885
GCCACAACGUCUAUAUCAU,GACCUCAUGUUGAUGUUGUCGGUGUUGCAGAUAUAGUACCGGCUGUUCGUCUUCUUG,0.9866312889070314,0.33175161480903625
CCACAACGUCUAUAUCAUG,ACCUCAUGUUGAUGUUGUCGGUGUUGCAGAUAUAGUACCGGCUGUUCGUCUUCUUGC,0.8974385141340954,0.4388539791107178
CACAACGUCUAUAUCAUGG,CCUCAUGUUGAUGUUGUCGGUGUUGCAGAUAUAGUACCGGCUGUUCGUCUUCUUGCC,0.6591488927441577,0.4748029112815857
ACAACGUCUAUAUCAUGGC,CUCAUGUUGAUGUUGUCGGUGUUGCAGAUAUAGUACCGGCUGUUCGUCUUCUUGCCG,0.2804367792631901,0.5688509941101074
CAACGUCUAUAUCAUGGCC,UCAUGUUGAUGUUGUCGGUGUUGCAGAUAUAGUACCGGCUGUUCGUCUUCUUGCCGU,0.5409735687315033,0.5238103270530701
AACGUCUAUAUCAUGGCCG,CAUGUUGAUGUUGUCGGUGUUGCAGAUAUAGUACCGGCUGUUCGUCUUCUUGCCGUA,0.3428921318501888,0.5802809000015259
ACGUCUAUAUCAUGGCCGA,AUGUUGAUGUUGUCGGUGUUGCAGAUAUAGUACCGGCUGUUCGUCUUCUUGCCGUAG,0.7010919481579754,0.4384922683238983
CGUCUAUAUCAUGGCCGAC,UGUUGAUGUUGUCGGUGUUGCAGAUAUAGUACCGGCUGUUCGUCUUCUUGCCGUAGU,0.566894581079702,0.4377360939979553
GUCUAUAUCAUGGCCGACA,GUUGAUGUUGUCGGUGUUGCAGAUAUAGUACCGGCUGUUCGUCUUCUUGCCGUAGUU,0.4464741300132667,0.41076934337615967
UCUAUAUCAUGGCCGACAA,UUGAUGUUGUCGGUGUUGCAGAUAUAGUACCGGCUGUUCGUCUUCUUGCCGUAGUUC,0.7112970711297072,0.4834807813167572
CUAUAUCAUGGCCGACAAG,UGAUGUUGUCGGUGUUGCAGAUAUAGUACCGGCUGUUCGUCUUCUUGCCGUAGUUCC,0.6174099397897745,0.48619577288627625
UAUAUCAUGGCCGACAAGC,GAUGUUGUCGGUGUUGCAGAUAUAGUACCGGCUGUUCGUCUUCUUGCCGUAGUUCCA,0.3476885396469028,0.6605673432350159
AUAUCAUGGCCGACAAGCA,AUGUUGUCGGUGUUGCAGAUAUAGUACCGGCUGUUCGUCUUCUUGCCGUAGUUCCAC,0.8728441677722217,0.5952016115188599
UAUCAUGGCCGACAAGCAG,UGUUGUCGGUGUUGCAGAUAUAGUACCGGCUGUUCGUCUUCUUGCCGUAGUUCCACU,0.6232268598836617,0.6540865302085876
AUCAUGGCCGACAAGCAGA,GUUGUCGGUGUUGCAGAUAUAGUACCGGCUGUUCGUCUUCUUGCCGUAGUUCCACUU,0.6742524747423206,0.5470790863037109
UCAUGGCCGACAAGCAGAA,UUGUCGGUGUUGCAGAUAUAGUACCGGCUGUUCGUCUUCUUGCCGUAGUUCCACUUG,0.743953464639249,0.5730686187744141
CAUGGCCGACAAGCAGAAG,UGUCGGUGUUGCAGAUAUAGUACCGGCUGUUCGUCUUCUUGCCGUAGUUCCACUUGA,0.3879987753852434,0.5754532814025879
AUGGCCGACAAGCAGAAGA,GUCGGUGUUGCAGAUAUAGUACCGGCUGUUCGUCUUCUUGCCGUAGUUCCACUUGAA,0.6374119808143689,0.6332566738128662
UGGCCGACAAGCAGAAGAA,UCGGUGUUGCAGAUAUAGUACCGGCUGUUCGUCUUCUUGCCGUAGUUCCACUUGAAG,0.8384529033574855,0.5770306587219238
GGCCGACAAGCAGAAGAAC,CGGUGUUGCAGAUAUAGUACCGGCUGUUCGUCUUCUUGCCGUAGUUCCACUUGAAGU,0.6454740279620369,0.5129280686378479
GCCGACAAGCAGAAGAACG,GGUGUUGCAGAUAUAGUACCGGCUGUUCGUCUUCUUGCCGUAGUUCCACUUGAAGUU,0.9262169609143792,0.5210014581680298
CCGACAAGCAGAAGAACGG,GUGUUGCAGAUAUAGUACCGGCUGUUCGUCUUCUUGCCGUAGUUCCACUUGAAGUUC,0.8561077660985815,0.5929259061813354
CGACAAGCAGAAGAACGGC,UGUUGCAGAUAUAGUACCGGCUGUUCGUCUUCUUGCCGUAGUUCCACUUGAAGUUCU,0.7760996020002041,0.6355976462364197
GACAAGCAGAAGAACGGCA,GUUGCAGAUAUAGUACCGGCUGUUCGUCUUCUUGCCGUAGUUCCACUUGAAGUUCUA,0.8598836615981224,0.6148350238800049
ACAAGCAGAAGAACGGCAU,UUGCAGAUAUAGUACCGGCUGUUCGUCUUCUUGCCGUAGUUCCACUUGAAGUUCUAG,0.7437493621798142,0.6376750469207764
CAAGCAGAAGAACGGCAUC,UGCAGAUAUAGUACCGGCUGUUCGUCUUCUUGCCGUAGUUCCACUUGAAGUUCUAGG,0.7374221859373407,0.6831766963005066
AAGCAGAAGAACGGCAUCA,GCAGAUAUAGUACCGGCUGUUCGUCUUCUUGCCGUAGUUCCACUUGAAGUUCUAGGC,0.805592407388509,0.6320048570632935
AGCAGAAGAACGGCAUCAA,CAGAUAUAGUACCGGCUGUUCGUCUUCUUGCCGUAGUUCCACUUGAAGUUCUAGGCG,0.7469129503010512,0.45565924048423767
GCAGAAGAACGGCAUCAAG,AGAUAUAGUACCGGCUGUUCGUCUUCUUGCCGUAGUUCCACUUGAAGUUCUAGGCGG,0.6342483926931319,0.5070924162864685
CAGAAGAACGGCAUCAAGG,GAUAUAGUACCGGCUGUUCGUCUUCUUGCCGUAGUUCCACUUGAAGUUCUAGGCGGU,0.7479334625982245,0.6331263780593872
AGAAGAACGGCAUCAAGGU,AUAUAGUACCGGCUGUUCGUCUUCUUGCCGUAGUUCCACUUGAAGUUCUAGGCGGUG,0.841514440249005,0.6132174730300903
GAAGAACGGCAUCAAGGUG,UAUAGUACCGGCUGUUCGUCUUCUUGCCGUAGUUCCACUUGAAGUUCUAGGCGGUGU,0.6983365649556078,0.5565119385719299
AAGAACGGCAUCAAGGUGA,AUAGUACCGGCUGUUCGUCUUCUUGCCGUAGUUCCACUUGAAGUUCUAGGCGGUGUU,0.7206857842637004,0.5732429623603821
AGAACGGCAUCAAGGUGAA,UAGUACCGGCUGUUCGUCUUCUUGCCGUAGUUCCACUUGAAGUUCUAGGCGGUGUUG,0.9334625982243088,0.41731810569763184
GAACGGCAUCAAGGUGAAC,AGUACCGGCUGUUCGUCUUCUUGCCGUAGUUCCACUUGAAGUUCUAGGCGGUGUUGU,0.7580365343402389,0.5246464610099792
AACGGCAUCAAGGUGAACU,GUACCGGCUGUUCGUCUUCUUGCCGUAGUUCCACUUGAAGUUCUAGGCGGUGUUGUA,0.6046535360751097,0.5577759146690369
ACGGCAUCAAGGUGAACUU,UACCGGCUGUUCGUCUUCUUGCCGUAGUUCCACUUGAAGUUCUAGGCGGUGUUGUAG,0.8880498010001021,0.5334179997444153
CGGCAUCAAGGUGAACUUC,ACCGGCUGUUCGUCUUCUUGCCGUAGUUCCACUUGAAGUUCUAGGCGGUGUUGUAGC,0.7206857842637004,0.4793185591697693
GGCAUCAAGGUGAACUUCA,CCGGCUGUUCGUCUUCUUGCCGUAGUUCCACUUGAAGUUCUAGGCGGUGUUGUAGCU,0.959893866721094,0.4274631142616272
GCAUCAAGGUGAACUUCAA,CGGCUGUUCGUCUUCUUGCCGUAGUUCCACUUGAAGUUCUAGGCGGUGUUGUAGCUC,0.924890294928054,0.32677343487739563
CAUCAAGGUGAACUUCAAG,GGCUGUUCGUCUUCUUGCCGUAGUUCCACUUGAAGUUCUAGGCGGUGUUGUAGCUCC,0.8725380140830697,0.5764809846878052
AUCAAGGUGAACUUCAAGA,GCUGUUCGUCUUCUUGCCGUAGUUCCACUUGAAGUUCUAGGCGGUGUUGUAGCUCCU,0.7872231860393918,0.5304789543151855
UCAAGGUGAACUUCAAGAU,CUGUUCGUCUUCUUGCCGUAGUUCCACUUGAAGUUCUAGGCGGUGUUGUAGCUCCUG,0.9799979589754058,0.6092966198921204
CAAGGUGAACUUCAAGAUC,UGUUCGUCUUCUUGCCGUAGUUCCACUUGAAGUUCUAGGCGGUGUUGUAGCUCCUGC,0.956322073680988,0.5956656336784363
AAGGUGAACUUCAAGAUCC,GUUCGUCUUCUUGCCGUAGUUCCACUUGAAGUUCUAGGCGGUGUUGUAGCUCCUGCC,0.9578528421267476,0.6822724938392639
AGGUGAACUUCAAGAUCCG,UUCGUCUUCUUGCCGUAGUUCCACUUGAAGUUCUAGGCGGUGUUGUAGCUCCUGCCG,0.951831819573426,0.5796074867248535
GGUGAACUUCAAGAUCCGC,UCGUCUUCUUGCCGUAGUUCCACUUGAAGUUCUAGGCGGUGUUGUAGCUCCUGCCGU,0.7408919277477294,0.5717030167579651
GUGAACUUCAAGAUCCGCC,CGUCUUCUUGCCGUAGUUCCACUUGAAGUUCUAGGCGGUGUUGUAGCUCCUGCCGUC,0.5792427798754975,0.6113112568855286
UGAACUUCAAGAUCCGCCA,GUCUUCUUGCCGUAGUUCCACUUGAAGUUCUAGGCGGUGUUGUAGCUCCUGCCGUCG,0.7969180528625371,0.6389757990837097
GAACUUCAAGAUCCGCCAC,UCUUCUUGCCGUAGUUCCACUUGAAGUUCUAGGCGGUGUUGUAGCUCCUGCCGUCGC,0.7658944790284723,0.5876516699790955
AACUUCAAGAUCCGCCACA,CUUCUUGCCGUAGUUCCACUUGAAGUUCUAGGCGGUGUUGUAGCUCCUGCCGUCGCA,0.6715991427696705,0.6310431361198425
ACUUCAAGAUCCGCCACAA,UUCUUGCCGUAGUUCCACUUGAAGUUCUAGGCGGUGUUGUAGCUCCUGCCGUCGCAC,0.8626390448004899,0.4446420967578888
CUUCAAGAUCCGCCACAAC,UCUUGCCGUAGUUCCACUUGAAGUUCUAGGCGGUGUUGUAGCUCCUGCCGUCGCACG,0.7043575875089295,0.617021918296814
UUCAAGAUCCGCCACAACA,CUUGCCGUAGUUCCACUUGAAGUUCUAGGCGGUGUUGUAGCUCCUGCCGUCGCACGU,0.8356975201551179,0.65244460105896
UCAAGAUCCGCCACAACAU,UUGCCGUAGUUCCACUUGAAGUUCUAGGCGGUGUUGUAGCUCCUGCCGUCGCACGUC,0.8165118889682622,0.6418160796165466
CAAGAUCCGCCACAACAUC,UGCCGUAGUUCCACUUGAAGUUCUAGGCGGUGUUGUAGCUCCUGCCGUCGCACGUCG,0.5880191856311868,0.6061716079711914
AAGAUCCGCCACAACAUCG,GCCGUAGUUCCACUUGAAGUUCUAGGCGGUGUUGUAGCUCCUGCCGUCGCACGUCGA,0.6348607000714359,0.646059513092041
AGAUCCGCCACAACAUCGA,CCGUAGUUCCACUUGAAGUUCUAGGCGGUGUUGUAGCUCCUGCCGUCGCACGUCGAG,0.8189611184814778,0.5390169620513916
GAUCCGCCACAACAUCGAG,CGUAGUUCCACUUGAAGUUCUAGGCGGUGUUGUAGCUCCUGCCGUCGCACGUCGAGC,0.5910807225227065,0.5382683277130127
AUCCGCCACAACAUCGAGG,GUAGUUCCACUUGAAGUUCUAGGCGGUGUUGUAGCUCCUGCCGUCGCACGUCGAGCG,0.3751403204408613,0.5881252288818359
UCCGCCACAACAUCGAGGA,UAGUUCCACUUGAAGUUCUAGGCGGUGUUGUAGCUCCUGCCGUCGCACGUCGAGCGG,0.7936524135115828,0.56363445520401
CCGCCACAACAUCGAGGAC,AGUUCCACUUGAAGUUCUAGGCGGUGUUGUAGCUCCUGCCGUCGCACGUCGAGCGGC,0.2981936932340034,0.42204684019088745
CGCCACAACAUCGAGGACG,GUUCCACUUGAAGUUCUAGGCGGUGUUGUAGCUCCUGCCGUCGCACGUCGAGCGGCU,0.3715685274007552,0.41631901264190674
GCCACAACAUCGAGGACGG,UUCCACUUGAAGUUCUAGGCGGUGUUGUAGCUCCUGCCGUCGCACGUCGAGCGGCUG,0.7494642310439841,0.39621543884277344
CCACAACAUCGAGGACGGC,UCCACUUGAAGUUCUAGGCGGUGUUGUAGCUCCUGCCGUCGCACGUCGAGCGGCUGG,0.5148484539238698,0.45172086358070374
CACAACAUCGAGGACGGCA,CCACUUGAAGUUCUAGGCGGUGUUGUAGCUCCUGCCGUCGCACGUCGAGCGGCUGGU,0.4343300336769058,0.3724779784679413
ACAACAUCGAGGACGGCAG,CACUUGAAGUUCUAGGCGGUGUUGUAGCUCCUGCCGUCGCACGUCGAGCGGCUGGUG,0.5078069190733748,0.47044023871421814
CAACAUCGAGGACGGCAGC,ACUUGAAGUUCUAGGCGGUGUUGUAGCUCCUGCCGUCGCACGUCGAGCGGCUGGUGA,0.4191244004490254,0.5409828424453735
AACAUCGAGGACGGCAGCG,CUUGAAGUUCUAGGCGGUGUUGUAGCUCCUGCCGUCGCACGUCGAGCGGCUGGUGAU,0.225227063986121,0.5713955760002136
ACAUCGAGGACGGCAGCGU,UUGAAGUUCUAGGCGGUGUUGUAGCUCCUGCCGUCGCACGUCGAGCGGCUGGUGAUG,0.4763751403204408,0.44873321056365967
CAUCGAGGACGGCAGCGUG,UGAAGUUCUAGGCGGUGUUGUAGCUCCUGCCGUCGCACGUCGAGCGGCUGGUGAUGG,0.5669966323094194,0.47867441177368164
AUCGAGGACGGCAGCGUGC,GAAGUUCUAGGCGGUGUUGUAGCUCCUGCCGUCGCACGUCGAGCGGCUGGUGAUGGU,0.3051331768547811,0.5208665132522583
UCGAGGACGGCAGCGUGCA,AAGUUCUAGGCGGUGUUGUAGCUCCUGCCGUCGCACGUCGAGCGGCUGGUGAUGGUC,0.3821818552913563,0.4864543676376343
CGAGGACGGCAGCGUGCAG,AGUUCUAGGCGGUGUUGUAGCUCCUGCCGUCGCACGUCGAGCGGCUGGUGAUGGUCG,0.281049086641494,0.40812283754348755
GAGGACGGCAGCGUGCAGC,GUUCUAGGCGGUGUUGUAGCUCCUGCCGUCGCACGUCGAGCGGCUGGUGAUGGUCGU,0.2052250229615267,0.4695555567741394
AGGACGGCAGCGUGCAGCU,UUCUAGGCGGUGUUGUAGCUCCUGCCGUCGCACGUCGAGCGGCUGGUGAUGGUCGUC,0.2676803755485253,0.4525079131126404
GGACGGCAGCGUGCAGCUC,UCUAGGCGGUGUUGUAGCUCCUGCCGUCGCACGUCGAGCGGCUGGUGAUGGUCGUCU,0.4078987651801204,0.43952611088752747
GACGGCAGCGUGCAGCUCG,CUAGGCGGUGUUGUAGCUCCUGCCGUCGCACGUCGAGCGGCUGGUGAUGGUCGUCUU,0.3109500969486682,0.43158769607543945
ACGGCAGCGUGCAGCUCGC,UAGGCGGUGUUGUAGCUCCUGCCGUCGCACGUCGAGCGGCUGGUGAUGGUCGUCUUG,0.321767527298704,0.4950944483280182
CGGCAGCGUGCAGCUCGCC,AGGCGGUGUUGUAGCUCCUGCCGUCGCACGUCGAGCGGCUGGUGAUGGUCGUCUUGU,0.2844167772221656,0.4561719596385956
GGCAGCGUGCAGCUCGCCG,GGCGGUGUUGUAGCUCCUGCCGUCGCACGUCGAGCGGCUGGUGAUGGUCGUCUUGUG,0.1591999183590162,0.43542739748954773
GCAGCGUGCAGCUCGCCGA,GCGGUGUUGUAGCUCCUGCCGUCGCACGUCGAGCGGCUGGUGAUGGUCGUCUUGUGG,0.4669864271864476,0.38549143075942993
CAGCGUGCAGCUCGCCGAC,CGGUGUUGUAGCUCCUGCCGUCGCACGUCGAGCGGCUGGUGAUGGUCGUCUUGUGGG,0.3114603530972548,0.4476369321346283
AGCGUGCAGCUCGCCGACC,GGUGUUGUAGCUCCUGCCGUCGCACGUCGAGCGGCUGGUGAUGGUCGUCUUGUGGGG,0.3699357077252781,0.4658236503601074
GCGUGCAGCUCGCCGACCA,GUGUUGUAGCUCCUGCCGUCGCACGUCGAGCGGCUGGUGAUGGUCGUCUUGUGGGGG,0.6342483926931319,0.35413625836372375
CGUGCAGCUCGCCGACCAC,UGUUGUAGCUCCUGCCGUCGCACGUCGAGCGGCUGGUGAUGGUCGUCUUGUGGGGGU,0.5557709970405144,0.41100022196769714
GUGCAGCUCGCCGACCACU,GUUGUAGCUCCUGCCGUCGCACGUCGAGCGGCUGGUGAUGGUCGUCUUGUGGGGGUA,0.5808755995509747,0.44719362258911133
UGCAGCUCGCCGACCACUA,UUGUAGCUCCUGCCGUCGCACGUCGAGCGGCUGGUGAUGGUCGUCUUGUGGGGGUAG,0.5756709868353914,0.4829210340976715
GCAGCUCGCCGACCACUAC,UGUAGCUCCUGCCGUCGCACGUCGAGCGGCUGGUGAUGGUCGUCUUGUGGGGGUAGC,0.5227063986121033,0.4322700798511505
CAGCUCGCCGACCACUACC,GUAGCUCCUGCCGUCGCACGUCGAGCGGCUGGUGAUGGUCGUCUUGUGGGGGUAGCC,0.5095417899785692,0.4949522912502289
AGCUCGCCGACCACUACCA,UAGCUCCUGCCGUCGCACGUCGAGCGGCUGGUGAUGGUCGUCUUGUGGGGGUAGCCG,0.6596591488927442,0.4399896264076233
GCUCGCCGACCACUACCAG,AGCUCCUGCCGUCGCACGUCGAGCGGCUGGUGAUGGUCGUCUUGUGGGGGUAGCCGC,0.3508521277681397,0.4257638454437256
CUCGCCGACCACUACCAGC,GCUCCUGCCGUCGCACGUCGAGCGGCUGGUGAUGGUCGUCUUGUGGGGGUAGCCGCU,0.3297275232166548,0.45835691690444946
UCGCCGACCACUACCAGCA,CUCCUGCCGUCGCACGUCGAGCGGCUGGUGAUGGUCGUCUUGUGGGGGUAGCCGCUG,0.7564037146647619,0.4701272249221802
CGCCGACCACUACCAGCAG,UCCUGCCGUCGCACGUCGAGCGGCUGGUGAUGGUCGUCUUGUGGGGGUAGCCGCUGC,0.3944280028574344,0.4136696457862854
GCCGACCACUACCAGCAGA,CCUGCCGUCGCACGUCGAGCGGCUGGUGAUGGUCGUCUUGUGGGGGUAGCCGCUGCC,0.5989386672109399,0.40843531489372253
CCGACCACUACCAGCAGAA,CUGCCGUCGCACGUCGAGCGGCUGGUGAUGGUCGUCUUGUGGGGGUAGCCGCUGCCG,0.7981426676191448,0.38484737277030945
CGACCACUACCAGCAGAAC,UGCCGUCGCACGUCGAGCGGCUGGUGAUGGUCGUCUUGUGGGGGUAGCCGCUGCCGG,0.5862843147259925,0.4363945424556732
GACCACUACCAGCAGAACA,GCCGUCGCACGUCGAGCGGCUGGUGAUGGUCGUCUUGUGGGGGUAGCCGCUGCCGGG,0.7941626696601694,0.4396739900112152
ACCACUACCAGCAGAACAC,CCGUCGCACGUCGAGCGGCUGGUGAUGGUCGUCUUGUGGGGGUAGCCGCUGCCGGGG,0.8083477905908766,0.4949001967906952
CCACUACCAGCAGAACACC,CGUCGCACGUCGAGCGGCUGGUGAUGGUCGUCUUGUGGGGGUAGCCGCUGCCGGGGC,0.5368915195428106,0.48444047570228577
CACUACCAGCAGAACACCC,GUCGCACGUCGAGCGGCUGGUGAUGGUCGUCUUGUGGGGGUAGCCGCUGCCGGGGCA,0.4763751403204408,0.5070055723190308
ACUACCAGCAGAACACCCC,UCGCACGUCGAGCGGCUGGUGAUGGUCGUCUUGUGGGGGUAGCCGCUGCCGGGGCAC,0.383712623737116,0.49381375312805176
CUACCAGCAGAACACCCCC,CGCACGUCGAGCGGCUGGUGAUGGUCGUCUUGUGGGGGUAGCCGCUGCCGGGGCACG,0.5415858761098071,0.511791467666626
UACCAGCAGAACACCCCCA,GCACGUCGAGCGGCUGGUGAUGGUCGUCUUGUGGGGGUAGCCGCUGCCGGGGCACGA,0.6590468415144403,0.5229170918464661
ACCAGCAGAACACCCCCAU,CACGUCGAGCGGCUGGUGAUGGUCGUCUUGUGGGGGUAGCCGCUGCCGGGGCACGAC,0.5707725278089602,0.4645995497703552
CCAGCAGAACACCCCCAUC,ACGUCGAGCGGCUGGUGAUGGUCGUCUUGUGGGGGUAGCCGCUGCCGGGGCACGACG,0.385957750790897,0.48817530274391174
CAGCAGAACACCCCCAUCG,CGUCGAGCGGCUGGUGAUGGUCGUCUUGUGGGGGUAGCCGCUGCCGGGGCACGACGA,0.3111541994081028,0.5210421681404114
AGCAGAACACCCCCAUCGG,GUCGAGCGGCUGGUGAUGGUCGUCUUGUGGGGGUAGCCGCUGCCGGGGCACGACGAC,0.2939075415858761,0.4641321897506714
GCAGAACACCCCCAUCGGC,UCGAGCGGCUGGUGAUGGUCGUCUUGUGGGGGUAGCCGCUGCCGGGGCACGACGACG,0.3002347178283499,0.4510861337184906
CAGAACACCCCCAUCGGCG,CGAGCGGCUGGUGAUGGUCGUCUUGUGGGGGUAGCCGCUGCCGGGGCACGACGACGG,0.5418920297989591,0.45297110080718994
AGAACACCCCCAUCGGCGA,GAGCGGCUGGUGAUGGUCGUCUUGUGGGGGUAGCCGCUGCCGGGGCACGACGACGGG,0.5779161138891724,0.43790221214294434
GAACACCCCCAUCGGCGAC,AGCGGCUGGUGAUGGUCGUCUUGUGGGGGUAGCCGCUGCCGGGGCACGACGACGGGC,0.3451372589039698,0.41910526156425476
AACACCCCCAUCGGCGACG,GCGGCUGGUGAUGGUCGUCUUGUGGGGGUAGCCGCUGCCGGGGCACGACGACGGGCU,0.189305031125625,0.4370463490486145
ACACCCCCAUCGGCGACGG,CGGCUGGUGAUGGUCGUCUUGUGGGGGUAGCCGCUGCCGGGGCACGACGACGGGCUG,0.2123686090417389,0.3974543511867523
CACCCCCAUCGGCGACGGC,GGCUGGUGAUGGUCGUCUUGUGGGGGUAGCCGCUGCCGGGGCACGACGACGGGCUGU,0.1976732319624451,0.3823506534099579
ACCCCCAUCGGCGACGGCC,GCUGGUGAUGGUCGUCUUGUGGGGGUAGCCGCUGCCGGGGCACGACGACGGGCUGUU,0.3700377589549954,0.3713088035583496
CCCCCAUCGGCGACGGCCC,CUGGUGAUGGUCGUCUUGUGGGGGUAGCCGCUGCCGGGGCACGACGACGGGCUGUUG,0.1781814470864374,0.3501330018043518
CCCCAUCGGCGACGGCCCC,UGGUGAUGGUCGUCUUGUGGGGGUAGCCGCUGCCGGGGCACGACGACGGGCUGUUGG,0.1308296764976018,0.34098878502845764
CCCAUCGGCGACGGCCCCG,GGUGAUGGUCGUCUUGUGGGGGUAGCCGCUGCCGGGGCACGACGACGGGCUGUUGGU,0.0385753648331462,0.3520828187465668
CCAUCGGCGACGGCCCCGU,GUGAUGGUCGUCUUGUGGGGGUAGCCGCUGCCGGGGCACGACGACGGGCUGUUGGUG,0.1041943055413817,0.3171856701374054
CAUCGGCGACGGCCCCGUG,UGAUGGUCGUCUUGUGGGGGUAGCCGCUGCCGGGGCACGACGACGGGCUGUUGGUGA,0.3406470047964078,0.37553876638412476
AUCGGCGACGGCCCCGUGC,GAUGGUCGUCUUGUGGGGGUAGCCGCUGCCGGGGCACGACGACGGGCUGUUGGUGAU,0.3648331462394122,0.38931944966316223
UCGGCGACGGCCCCGUGCU,AUGGUCGUCUUGUGGGGGUAGCCGCUGCCGGGGCACGACGACGGGCUGUUGGUGAUG,0.290641902234922,0.393330454826355
CGGCGACGGCCCCGUGCUG,UGGUCGUCUUGUGGGGGUAGCCGCUGCCGGGGCACGACGACGGGCUGUUGGUGAUGG,0.3580977650780692,0.28766244649887085
GGCGACGGCCCCGUGCUGC,GGUCGUCUUGUGGGGGUAGCCGCUGCCGGGGCACGACGACGGGCUGUUGGUGAUGGA,0.1925706704765792,0.33351925015449524
GCGACGGCCCCGUGCUGCU,GUCGUCUUGUGGGGGUAGCCGCUGCCGGGGCACGACGACGGGCUGUUGGUGAUGGAC,0.4290233697316052,0.2743282914161682
CGACGGCCCCGUGCUGCUG,UCGUCUUGUGGGGGUAGCCGCUGCCGGGGCACGACGACGGGCUGUUGGUGAUGGACU,0.4126951729768344,0.3136638402938843
GACGGCCCCGUGCUGCUGC,CGUCUUGUGGGGGUAGCCGCUGCCGGGGCACGACGACGGGCUGUUGGUGAUGGACUC,0.2699255026023063,0.3466845750808716
ACGGCCCCGUGCUGCUGCC,GUCUUGUGGGGGUAGCCGCUGCCGGGGCACGACGACGGGCUGUUGGUGAUGGACUCG,0.2001224614756608,0.3979051113128662
CGGCCCCGUGCUGCUGCCC,UCUUGUGGGGGUAGCCGCUGCCGGGGCACGACGACGGGCUGUUGGUGAUGGACUCGU,0.1432799265231146,0.3092727065086365
GGCCCCGUGCUGCUGCCCG,CUUGUGGGGGUAGCCGCUGCCGGGGCACGACGACGGGCUGUUGGUGAUGGACUCGUG,0.2157362996224104,0.30621442198753357
GCCCCGUGCUGCUGCCCGA,UUGUGGGGGUAGCCGCUGCCGGGGCACGACGACGGGCUGUUGGUGAUGGACUCGUGG,0.3726910909276457,0.27930155396461487
CCCCGUGCUGCUGCCCGAC,UGUGGGGGUAGCCGCUGCCGGGGCACGACGACGGGCUGUUGGUGAUGGACUCGUGGG,0.4928053883049291,0.3312208950519562
CCCGUGCUGCUGCCCGACA,GUGGGGGUAGCCGCUGCCGGGGCACGACGACGGGCUGUUGGUGAUGGACUCGUGGGU,0.3934074905602612,0.33577367663383484
CCGUGCUGCUGCCCGACAA,UGGGGGUAGCCGCUGCCGGGGCACGACGACGGGCUGUUGGUGAUGGACUCGUGGGUC,0.7875293397285438,0.29755735397338867
CGUGCUGCUGCCCGACAAC,GGGGGUAGCCGCUGCCGGGGCACGACGACGGGCUGUUGGUGAUGGACUCGUGGGUCA,0.8151852229819371,0.3625876009464264
GUGCUGCUGCCCGACAACC,GGGGUAGCCGCUGCCGGGGCACGACGACGGGCUGUUGGUGAUGGACUCGUGGGUCAG,0.6374119808143689,0.43331336975097656
UGCUGCUGCCCGACAACCA,GGGUAGCCGCUGCCGGGGCACGACGACGGGCUGUUGGUGAUGGACUCGUGGGUCAGG,0.8861108276354731,0.4517112076282501
GCUGCUGCCCGACAACCAC,GGUAGCCGCUGCCGGGGCACGACGACGGGCUGUUGGUGAUGGACUCGUGGGUCAGGC,0.7436473109500971,0.38622790575027466
CUGCUGCCCGACAACCACU,GUAGCCGCUGCCGGGGCACGACGACGGGCUGUUGGUGAUGGACUCGUGGGUCAGGCG,0.5531176650678641,0.4458519518375397
UGCUGCCCGACAACCACUA,UAGCCGCUGCCGGGGCACGACGACGGGCUGUUGGUGAUGGACUCGUGGGUCAGGCGG,0.5788345749566283,0.4502007067203522
GCUGCCCGACAACCACUAC,AGCCGCUGCCGGGGCACGACGACGGGCUGUUGGUGAUGGACUCGUGGGUCAGGCGGG,0.5146443514644352,0.38939806818962097
CUGCCCGACAACCACUACC,GCCGCUGCCGGGGCACGACGACGGGCUGUUGGUGAUGGACUCGUGGGUCAGGCGGGA,0.5234207572201245,0.4391116797924042
UGCCCGACAACCACUACCU,CCGCUGCCGGGGCACGACGACGGGCUGUUGGUGAUGGACUCGUGGGUCAGGCGGGAC,0.6227166037350751,0.4494618773460388
GCCCGACAACCACUACCUG,CGCUGCCGGGGCACGACGACGGGCUGUUGGUGAUGGACUCGUGGGUCAGGCGGGACU,0.5374017756913971,0.3564971387386322
CCCGACAACCACUACCUGA,GCUGCCGGGGCACGACGACGGGCUGUUGGUGAUGGACUCGUGGGUCAGGCGGGACUC,0.8361057250739873,0.3276788592338562
CCGACAACCACUACCUGAG,CUGCCGGGGCACGACGACGGGCUGUUGGUGAUGGACUCGUGGGUCAGGCGGGACUCG,0.9223390141851208,0.39015278220176697
CGACAACCACUACCUGAGC,UGCCGGGGCACGACGACGGGCUGUUGGUGAUGGACUCGUGGGUCAGGCGGGACUCGU,0.4711705276048576,0.442979633808136
GACAACCACUACCUGAGCA,GCCGGGGCACGACGACGGGCUGUUGGUGAUGGACUCGUGGGUCAGGCGGGACUCGUU,0.5347484437187469,0.43381381034851074
ACAACCACUACCUGAGCAC,CCGGGGCACGACGACGGGCUGUUGGUGAUGGACUCGUGGGUCAGGCGGGACUCGUUU,0.6416981324624963,0.48974642157554626
CAACCACUACCUGAGCACC,CGGGGCACGACGACGGGCUGUUGGUGAUGGACUCGUGGGUCAGGCGGGACUCGUUUC,0.4148382488008981,0.5287796854972839
AACCACUACCUGAGCACCC,GGGGCACGACGACGGGCUGUUGGUGAUGGACUCGUGGGUCAGGCGGGACUCGUUUCU,0.8119195836309828,0.5198290944099426
ACCACUACCUGAGCACCCA,GGGCACGACGACGGGCUGUUGGUGAUGGACUCGUGGGUCAGGCGGGACUCGUUUCUG,1.0,0.4455331265926361
CCACUACCUGAGCACCCAG,GGCACGACGACGGGCUGUUGGUGAUGGACUCGUGGGUCAGGCGGGACUCGUUUCUGG,0.7739565261761405,0.41183629631996155
CACUACCUGAGCACCCAGU,GCACGACGACGGGCUGUUGGUGAUGGACUCGUGGGUCAGGCGGGACUCGUUUCUGGG,0.5238289621389938,0.4063139259815216
ACUACCUGAGCACCCAGUC,CACGACGACGGGCUGUUGGUGAUGGACUCGUGGGUCAGGCGGGACUCGUUUCUGGGG,0.3763649351974691,0.44874924421310425
CUACCUGAGCACCCAGUCC,ACGACGACGGGCUGUUGGUGAUGGACUCGUGGGUCAGGCGGGACUCGUUUCUGGGGU,0.6845596489437697,0.47868260741233826
UACCUGAGCACCCAGUCCG,CGACGACGGGCUGUUGGUGAUGGACUCGUGGGUCAGGCGGGACUCGUUUCUGGGGUU,0.6600673538116135,0.47123822569847107
ACCUGAGCACCCAGUCCGC,GACGACGGGCUGUUGGUGAUGGACUCGUGGGUCAGGCGGGACUCGUUUCUGGGGUUG,0.7139504031023574,0.43901416659355164
CCUGAGCACCCAGUCCGCC,ACGACGGGCUGUUGGUGAUGGACUCGUGGGUCAGGCGGGACUCGUUUCUGGGGUUGC,0.4145320951117461,0.40638604760169983
CUGAGCACCCAGUCCGCCC,CGACGGGCUGUUGGUGAUGGACUCGUGGGUCAGGCGGGACUCGUUUCUGGGGUUGCU,0.4281049086641494,0.429670125246048
UGAGCACCCAGUCCGCCCU,GACGGGCUGUUGGUGAUGGACUCGUGGGUCAGGCGGGACUCGUUUCUGGGGUUGCUC,0.5081130727625268,0.4293501377105713
GAGCACCCAGUCCGCCCUG,ACGGGCUGUUGGUGAUGGACUCGUGGGUCAGGCGGGACUCGUUUCUGGGGUUGCUCU,0.4580059189713236,0.3879668414592743
AGCACCCAGUCCGCCCUGA,CGGGCUGUUGGUGAUGGACUCGUGGGUCAGGCGGGACUCGUUUCUGGGGUUGCUCUU,0.4409633636085315,0.32498490810394287
GCACCCAGUCCGCCCUGAG,GGGCUGUUGGUGAUGGACUCGUGGGUCAGGCGGGACUCGUUUCUGGGGUUGCUCUUC,0.6614960710276558,0.30766937136650085
CACCCAGUCCGCCCUGAGC,GGCUGUUGGUGAUGGACUCGUGGGUCAGGCGGGACUCGUUUCUGGGGUUGCUCUUCG,0.5268904990305133,0.3949037492275238
ACCCAGUCCGCCCUGAGCA,GCUGUUGGUGAUGGACUCGUGGGUCAGGCGGGACUCGUUUCUGGGGUUGCUCUUCGC,0.5291356260842943,0.36310485005378723
CCCAGUCCGCCCUGAGCAA,CUGUUGGUGAUGGACUCGUGGGUCAGGCGGGACUCGUUUCUGGGGUUGCUCUUCGCG,0.3477905908766199,0.27258509397506714
CCAGUCCGCCCUGAGCAAA,UGUUGGUGAUGGACUCGUGGGUCAGGCGGGACUCGUUUCUGGGGUUGCUCUUCGCGC,0.7528319216246556,0.3112185001373291
CAGUCCGCCCUGAGCAAAG,GUUGGUGAUGGACUCGUGGGUCAGGCGGGACUCGUUUCUGGGGUUGCUCUUCGCGCU,0.7940606184304522,0.38267236948013306
AGUCCGCCCUGAGCAAAGA,UUGGUGAUGGACUCGUGGGUCAGGCGGGACUCGUUUCUGGGGUUGCUCUUCGCGCUA,0.8562098173282989,0.39004814624786377
GUCCGCCCUGAGCAAAGAC,UGGUGAUGGACUCGUGGGUCAGGCGGGACUCGUUUCUGGGGUUGCUCUUCGCGCUAG,0.8223288090621492,0.3800220489501953
UCCGCCCUGAGCAAAGACC,GGUGAUGGACUCGUGGGUCAGGCGGGACUCGUUUCUGGGGUUGCUCUUCGCGCUAGU,0.5605674048372283,0.4951592683792114
CCGCCCUGAGCAAAGACCC,GUGAUGGACUCGUGGGUCAGGCGGGACUCGUUUCUGGGGUUGCUCUUCGCGCUAGUG,0.4591284824982141,0.4123850464820862
CGCCCUGAGCAAAGACCCC,UGAUGGACUCGUGGGUCAGGCGGGACUCGUUUCUGGGGUUGCUCUUCGCGCUAGUGU,0.6078171241963466,0.422166109085083
GCCCUGAGCAAAGACCCCA,GAUGGACUCGUGGGUCAGGCGGGACUCGUUUCUGGGGUUGCUCUUCGCGCUAGUGUA,0.5348504949484642,0.3530561327934265
CCCUGAGCAAAGACCCCAA,AUGGACUCGUGGGUCAGGCGGGACUCGUUUCUGGGGUUGCUCUUCGCGCUAGUGUAC,0.8204918869272376,0.3967408835887909
CCUGAGCAAAGACCCCAAC,UGGACUCGUGGGUCAGGCGGGACUCGUUUCUGGGGUUGCUCUUCGCGCUAGUGUACC,0.5999591795081131,0.4328434467315674
CUGAGCAAAGACCCCAACG,GGACUCGUGGGUCAGGCGGGACUCGUUUCUGGGGUUGCUCUUCGCGCUAGUGUACCA,0.5119910194917849,0.5172011852264404
UGAGCAAAGACCCCAACGA,GACUCGUGGGUCAGGCGGGACUCGUUUCUGGGGUUGCUCUUCGCGCUAGUGUACCAG,0.8274313705480152,0.5699794888496399
GAGCAAAGACCCCAACGAG,ACUCGUGGGUCAGGCGGGACUCGUUUCUGGGGUUGCUCUUCGCGCUAGUGUACCAGG,0.8127359934687214,0.49176084995269775
AGCAAAGACCCCAACGAGA,CUCGUGGGUCAGGCGGGACUCGUUUCUGGGGUUGCUCUUCGCGCUAGUGUACCAGGA,0.8405959791815493,0.4410455524921417
GCAAAGACCCCAACGAGAA,UCGUGGGUCAGGCGGGACUCGUUUCUGGGGUUGCUCUUCGCGCUAGUGUACCAGGAC,0.9398918256964996,0.3438090980052948
CAAAGACCCCAACGAGAAG,CGUGGGUCAGGCGGGACUCGUUUCUGGGGUUGCUCUUCGCGCUAGUGUACCAGGACG,0.7297683437085418,0.47857117652893066
AAAGACCCCAACGAGAAGC,GUGGGUCAGGCGGGACUCGUUUCUGGGGUUGCUCUUCGCGCUAGUGUACCAGGACGA,0.149198897846719,0.6062546372413635
AAGACCCCAACGAGAAGCG,UGGGUCAGGCGGGACUCGUUUCUGGGGUUGCUCUUCGCGCUAGUGUACCAGGACGAC,0.1156240432697214,0.5536388158798218
AGACCCCAACGAGAAGCGC,GGGUCAGGCGGGACUCGUUUCUGGGGUUGCUCUUCGCGCUAGUGUACCAGGACGACC,0.1757322175732217,0.5254665017127991
GACCCCAACGAGAAGCGCG,GGUCAGGCGGGACUCGUUUCUGGGGUUGCUCUUCGCGCUAGUGUACCAGGACGACCU,0.3248290641902235,0.42572715878486633
ACCCCAACGAGAAGCGCGA,GUCAGGCGGGACUCGUUUCUGGGGUUGCUCUUCGCGCUAGUGUACCAGGACGACCUC,0.8637616083273804,0.43375757336616516
CCCCAACGAGAAGCGCGAU,UCAGGCGGGACUCGUUUCUGGGGUUGCUCUUCGCGCUAGUGUACCAGGACGACCUCA,0.8637616083273804,0.31732940673828125
CCCAACGAGAAGCGCGAUC,CAGGCGGGACUCGUUUCUGGGGUUGCUCUUCGCGCUAGUGUACCAGGACGACCUCAA,0.7593632003265639,0.4689059257507324
CCAACGAGAAGCGCGAUCA,AGGCGGGACUCGUUUCUGGGGUUGCUCUUCGCGCUAGUGUACCAGGACGACCUCAAG,0.8565159710174509,0.38825973868370056
CAACGAGAAGCGCGAUCAC,GGCGGGACUCGUUUCUGGGGUUGCUCUUCGCGCUAGUGUACCAGGACGACCUCAAGC,0.8033472803347281,0.5316252112388611
AACGAGAAGCGCGAUCACA,GCGGGACUCGUUUCUGGGGUUGCUCUUCGCGCUAGUGUACCAGGACGACCUCAAGCA,0.7925298499846923,0.5515106916427612
ACGAGAAGCGCGAUCACAU,CGGGACUCGUUUCUGGGGUUGCUCUUCGCGCUAGUGUACCAGGACGACCUCAAGCAC,0.8493723849372385,0.5014270544052124
CGAGAAGCGCGAUCACAUG,GGGACUCGUUUCUGGGGUUGCUCUUCGCGCUAGUGUACCAGGACGACCUCAAGCACU,0.8429431574650474,0.45013293623924255
GAGAAGCGCGAUCACAUGG,GGACUCGUUUCUGGGGUUGCUCUUCGCGCUAGUGUACCAGGACGACCUCAAGCACUG,0.5995509745892439,0.5060946941375732
AGAAGCGCGAUCACAUGGU,GACUCGUUUCUGGGGUUGCUCUUCGCGCUAGUGUACCAGGACGACCUCAAGCACUGG,0.4856618022247169,0.5494436025619507
GAAGCGCGAUCACAUGGUC,ACUCGUUUCUGGGGUUGCUCUUCGCGCUAGUGUACCAGGACGACCUCAAGCACUGGC,0.6237371160322482,0.5087280869483948
AAGCGCGAUCACAUGGUCC,CUCGUUUCUGGGGUUGCUCUUCGCGCUAGUGUACCAGGACGACCUCAAGCACUGGCG,0.4416777222165527,0.6110846996307373
AGCGCGAUCACAUGGUCCU,UCGUUUCUGGGGUUGCUCUUCGCGCUAGUGUACCAGGACGACCUCAAGCACUGGCGG,0.6299622410450046,0.4541637599468231
GCGCGAUCACAUGGUCCUG,CGUUUCUGGGGUUGCUCUUCGCGCUAGUGUACCAGGACGACCUCAAGCACUGGCGGC,0.4839269313195224,0.36055177450180054
CGCGAUCACAUGGUCCUGC,GUUUCUGGGGUUGCUCUUCGCGCUAGUGUACCAGGACGACCUCAAGCACUGGCGGCG,0.2970711297071129,0.3833850026130676
GCGAUCACAUGGUCCUGCU,UUUCUGGGGUUGCUCUUCGCGCUAGUGUACCAGGACGACCUCAAGCACUGGCGGCGG,0.3944280028574344,0.34688419103622437
CGAUCACAUGGUCCUGCUG,UUCUGGGGUUGCUCUUCGCGCUAGUGUACCAGGACGACCUCAAGCACUGGCGGCGGC,0.5157669149913257,0.35737672448158264
GAUCACAUGGUCCUGCUGG,UCUGGGGUUGCUCUUCGCGCUAGUGUACCAGGACGACCUCAAGCACUGGCGGCGGCC,0.6419022349219309,0.4141688942909241
AUCACAUGGUCCUGCUGGA,CUGGGGUUGCUCUUCGCGCUAGUGUACCAGGACGACCUCAAGCACUGGCGGCGGCCC,0.7801816511888969,0.42735806107521057
UCACAUGGUCCUGCUGGAG,UGGGGUUGCUCUUCGCGCUAGUGUACCAGGACGACCUCAAGCACUGGCGGCGGCCCU,0.3698336564955608,0.5253641605377197
CACAUGGUCCUGCUGGAGU,GGGGUUGCUCUUCGCGCUAGUGUACCAGGACGACCUCAAGCACUGGCGGCGGCCCUA,0.8043677926319012,0.38064685463905334
ACAUGGUCCUGCUGGAGUU,GGGUUGCUCUUCGCGCUAGUGUACCAGGACGACCUCAAGCACUGGCGGCGGCCCUAG,0.5754668843759567,0.42078912258148193
CAUGGUCCUGCUGGAGUUC,GGUUGCUCUUCGCGCUAGUGUACCAGGACGACCUCAAGCACUGGCGGCGGCCCUAGU,0.7337483416675172,0.4440825879573822
AUGGUCCUGCUGGAGUUCG,GUUGCUCUUCGCGCUAGUGUACCAGGACGACCUCAAGCACUGGCGGCGGCCCUAGUG,0.3146239412184917,0.5548742413520813
UGGUCCUGCUGGAGUUCGU,UUGCUCUUCGCGCUAGUGUACCAGGACGACCUCAAGCACUGGCGGCGGCCCUAGUGA,0.8791713440146955,0.4574187397956848
GGUCCUGCUGGAGUUCGUG,UGCUCUUCGCGCUAGUGUACCAGGACGACCUCAAGCACUGGCGGCGGCCCUAGUGAG,0.7606898663128892,0.3986559510231018
GUCCUGCUGGAGUUCGUGA,GCUCUUCGCGCUAGUGUACCAGGACGACCUCAAGCACUGGCGGCGGCCCUAGUGAGA,0.4501479742830901,0.33193525671958923
UCCUGCUGGAGUUCGUGAC,CUCUUCGCGCUAGUGUACCAGGACGACCUCAAGCACUGGCGGCGGCCCUAGUGAGAG,0.8698846821104195,0.5359880924224854
CCUGCUGGAGUUCGUGACC,UCUUCGCGCUAGUGUACCAGGACGACCUCAAGCACUGGCGGCGGCCCUAGUGAGAGC,0.5375038269211144,0.42424276471138
CUGCUGGAGUUCGUGACCG,CUUCGCGCUAGUGUACCAGGACGACCUCAAGCACUGGCGGCGGCCCUAGUGAGAGCC,0.7728339626492501,0.5664148330688477
UGCUGGAGUUCGUGACCGC,UUCGCGCUAGUGUACCAGGACGACCUCAAGCACUGGCGGCGGCCCUAGUGAGAGCCG,0.3764669864271864,0.5544975996017456
GCUGGAGUUCGUGACCGCC,UCGCGCUAGUGUACCAGGACGACCUCAAGCACUGGCGGCGGCCCUAGUGAGAGCCGU,0.3158485559750995,0.4683172404766083
CUGGAGUUCGUGACCGCCG,CGCGCUAGUGUACCAGGACGACCUCAAGCACUGGCGGCGGCCCUAGUGAGAGCCGUA,0.4057556893560567,0.5135403275489807
UGGAGUUCGUGACCGCCGC,GCGCUAGUGUACCAGGACGACCUCAAGCACUGGCGGCGGCCCUAGUGAGAGCCGUAC,0.3357485457699765,0.6108872294425964
GGAGUUCGUGACCGCCGCC,CGCUAGUGUACCAGGACGACCUCAAGCACUGGCGGCGGCCCUAGUGAGAGCCGUACC,0.4096336360853149,0.44844162464141846
GAGUUCGUGACCGCCGCCG,GCUAGUGUACCAGGACGACCUCAAGCACUGGCGGCGGCCCUAGUGAGAGCCGUACCU,0.2888049801000102,0.49445050954818726
AGUUCGUGACCGCCGCCGG,CUAGUGUACCAGGACGACCUCAAGCACUGGCGGCGGCCCUAGUGAGAGCCGUACCUG,0.3061536891519543,0.43438100814819336
GUUCGUGACCGCCGCCGGG,UAGUGUACCAGGACGACCUCAAGCACUGGCGGCGGCCCUAGUGAGAGCCGUACCUGC,0.3415654658638636,0.40891221165657043
UUCGUGACCGCCGCCGGGA,AGUGUACCAGGACGACCUCAAGCACUGGCGGCGGCCCUAGUGAGAGCCGUACCUGCU,0.2972752321665476,0.4740542471408844
UCGUGACCGCCGCCGGGAU,GUGUACCAGGACGACCUCAAGCACUGGCGGCGGCCCUAGUGAGAGCCGUACCUGCUC,0.3545259720379631,0.44699668884277344
CGUGACCGCCGCCGGGAUC,UGUACCAGGACGACCUCAAGCACUGGCGGCGGCCCUAGUGAGAGCCGUACCUGCUCG,0.2578834574956628,0.37819012999534607
GUGACCGCCGCCGGGAUCA,GUACCAGGACGACCUCAAGCACUGGCGGCGGCCCUAGUGAGAGCCGUACCUGCUCGA,0.7101745076028168,0.40495437383651733
UGACCGCCGCCGGGAUCAC,UACCAGGACGACCUCAAGCACUGGCGGCGGCCCUAGUGAGAGCCGUACCUGCUCGAC,0.1468517195632207,0.4850260615348816
GACCGCCGCCGGGAUCACU,ACCAGGACGACCUCAAGCACUGGCGGCGGCCCUAGUGAGAGCCGUACCUGCUCGACA,0.3115624043269722,0.41070136427879333
ACCGCCGCCGGGAUCACUC,CCAGGACGACCUCAAGCACUGGCGGCGGCCCUAGUGAGAGCCGUACCUGCUCGACAU,0.5880191856311868,0.43693506717681885
CCGCCGCCGGGAUCACUCU,CAGGACGACCUCAAGCACUGGCGGCGGCCCUAGUGAGAGCCGUACCUGCUCGACAUG,0.2748239616287376,0.3645170032978058
CGCCGCCGGGAUCACUCUC,AGGACGACCUCAAGCACUGGCGGCGGCCCUAGUGAGAGCCGUACCUGCUCGACAUGU,0.332380855189305,0.37162572145462036
GCCGCCGGGAUCACUCUCG,GGACGACCUCAAGCACUGGCGGCGGCCCUAGUGAGAGCCGUACCUGCUCGACAUGUU,0.4833146239412185,0.3875468373298645
CCGCCGGGAUCACUCUCGG,GACGACCUCAAGCACUGGCGGCGGCCCUAGUGAGAGCCGUACCUGCUCGACAUGUUC,0.3032962547198694,0.38547003269195557
CGCCGGGAUCACUCUCGGC,ACGACCUCAAGCACUGGCGGCGGCCCUAGUGAGAGCCGUACCUGCUCGACAUGUUCA,0.3210531686906827,0.4109950661659241
GCCGGGAUCACUCUCGGCA,CGACCUCAAGCACUGGCGGCGGCCCUAGUGAGAGCCGUACCUGCUCGACAUGUUCAU,0.1576691499132564,0.30508264899253845
CCGGGAUCACUCUCGGCAU,GACCUCAAGCACUGGCGGCGGCCCUAGUGAGAGCCGUACCUGCUCGACAUGUUCAUU,0.2564547402796204,0.34181901812553406
CGGGAUCACUCUCGGCAUG,ACCUCAAGCACUGGCGGCGGCCCUAGUGAGAGCCGUACCUGCUCGACAUGUUCAUUX,0.3241147055822023,0.40470126271247864
GGGAUCACUCUCGGCAUGG,CCUCAAGCACUGGCGGCGGCCCUAGUGAGAGCCGUACCUGCUCGACAUGUUCAUUXX,0.2486988468211042,0.44655439257621765
GGAUCACUCUCGGCAUGGA,CUCAAGCACUGGCGGCGGCCCUAGUGAGAGCCGUACCUGCUCGACAUGUUCAUUXXX,0.6411878763139096,0.38387563824653625
GAUCACUCUCGGCAUGGAC,UCAAGCACUGGCGGCGGCCCUAGUGAGAGCCGUACCUGCUCGACAUGUUCAUUXXXX,0.2659455046433309,0.4290011525154114
AUCACUCUCGGCAUGGACG,CAAGCACUGGCGGCGGCCCUAGUGAGAGCCGUACCUGCUCGACAUGUUCAUUXXXXX,0.2230839881620573,0.4686359465122223
UCACUCUCGGCAUGGACGA,AAGCACUGGCGGCGGCCCUAGUGAGAGCCGUACCUGCUCGACAUGUUCAUUXXXXXX,0.1160322481885906,0.47756701707839966
CACUCUCGGCAUGGACGAG,AGCACUGGCGGCGGCCCUAGUGAGAGCCGUACCUGCUCGACAUGUUCAUUXXXXXXX,0.2562506378201857,0.4123859405517578
ACUCUCGGCAUGGACGAGC,GCACUGGCGGCGGCCCUAGUGAGAGCCGUACCUGCUCGACAUGUUCAUUXXXXXXXX,0.0932748239616287,0.4758329689502716
CUCUCGGCAUGGACGAGCU,CACUGGCGGCGGCCCUAGUGAGAGCCGUACCUGCUCGACAUGUUCAUUXXXXXXXXX,0.6159812225737321,0.4304755926132202
UCUCGGCAUGGACGAGCUG,ACUGGCGGCGGCCCUAGUGAGAGCCGUACCUGCUCGACAUGUUCAUUXXXXXXXXXX,0.8479436677211961,0.5671026110649109
CUCGGCAUGGACGAGCUGU,CUGGCGGCGGCCCUAGUGAGAGCCGUACCUGCUCGACAUGUUCAUUXXXXXXXXXXX,0.3403408511072558,0.42007336020469666
UCGGCAUGGACGAGCUGUA,UGGCGGCGGCCCUAGUGAGAGCCGUACCUGCUCGACAUGUUCAUUXXXXXXXXXXXX,0.6816001632819677,0.47294390201568604
CGGCAUGGACGAGCUGUAC,GGCGGCGGCCCUAGUGAGAGCCGUACCUGCUCGACAUGUUCAUUXXXXXXXXXXXXX,0.5791407286457803,0.39713093638420105
GGCAUGGACGAGCUGUACA,GCGGCGGCCCUAGUGAGAGCCGUACCUGCUCGACAUGUUCAUUXXXXXXXXXXXXXX,0.7517093580977651,0.42061847448349
GCAUGGACGAGCUGUACAA,CGGCGGCCCUAGUGAGAGCCGUACCUGCUCGACAUGUUCAUUXXXXXXXXXXXXXXX,0.7825288294723952,0.3613995909690857
CAUGGACGAGCUGUACAAG,GGCGGCCCUAGUGAGAGCCGUACCUGCUCGACAUGUUCAUUXXXXXXXXXXXXXXXX,0.5463822839065211,0.5352637767791748
AUGGACGAGCUGUACAAGU,GCGGCCCUAGUGAGAGCCGUACCUGCUCGACAUGUUCAUUXXXXXXXXXXXXXXXXX,0.6983365649556078,0.561055600643158
UGGACGAGCUGUACAAGUA,CGGCCCUAGUGAGAGCCGUACCUGCUCGACAUGUUCAUUXXXXXXXXXXXXXXXXXX,0.8460046943565671,0.6383516192436218
GGACGAGCUGUACAAGUAA,GGCCCUAGUGAGAGCCGUACCUGCUCGACAUGUUCAUUXXXXXXXXXXXXXXXXXXX,0.8518216144504541,0.37989407777786255
