siRNA,mRNA,dataset efficacy,predicted efficacy
AUGGUGAGCAAGGGCGAGG,XXXXXXXXXXXXXXXXXXXUACCACUCGUUCCCGCUCCUCGACAAGUGGCCCCACCA,0.5587304827023166,0.784110426902771
UGGUGAGCAAGGGCGAGGA,XXXXXXXXXXXXXXXXXXUACCACUCGUUCCCGCUCCUCGACAAGUGGCCCCACCAC,0.7930401061332789,0.7147691249847412
GGUGAGCAAGGGCGAGGAG,XXXXXXXXXXXXXXXXXUACCACUCGUUCCCGCUCCUCGACAAGUGGCCCCACCACG,0.6139401979793857,0.5950244665145874
GUGAGCAAGGGCGAGGAGC,XXXXXXXXXXXXXXXXUACCACUCGUUCCCGCUCCUCGACAAGUGGCCCCACCACGG,0.3936115930196959,0.7461309432983398
UGAGCAAGGGCGAGGAGCU,XXXXXXXXXXXXXXXUACCACUCGUUCCCGCUCCUCGACAAGUGGCCCCACCACGGG,0.6641494030003062,0.7513222694396973
GAGCAAGGGCGAGGAGCUG,XXXXXXXXXXXXXXUACCACUCGUUCCCGCUCCUCGACAAGUGGCCCCACCACGGGU,0.4546382283906521,0.6848926544189453
AGCAAGGGCGAGGAGCUGU,XXXXXXXXXXXXXUACCACUCGUUCCCGCUCCUCGACAAGUGGCCCCACCACGGGUA,0.5470966425145424,0.6478603482246399
GCAAGGGCGAGGAGCUGUU,XXXXXXXXXXXXUACCACUCGUUCCCGCUCCUCGACAAGUGGCCCCACCACGGGUAG,0.7719155015817941,0.558304488658905
CAAGGGCGAGGAGCUGUUC,XXXXXXXXXXXUACCACUCGUUCCCGCUCCUCGACAAGUGGCCCCACCACGGGUAGG,0.4316767017042555,0.5985573530197144
AAGGGCGAGGAGCUGUUCA,XXXXXXXXXXUACCACUCGUUCCCGCUCCUCGACAAGUGGCCCCACCACGGGUAGGA,0.5743443208490663,0.5812865495681763
AGGGCGAGGAGCUGUUCAC,XXXXXXXXXUACCACUCGUUCCCGCUCCUCGACAAGUGGCCCCACCACGGGUAGGAC,0.754872946219002,0.63468337059021
GGGCGAGGAGCUGUUCACC,XXXXXXXXUACCACUCGUUCCCGCUCCUCGACAAGUGGCCCCACCACGGGUAGGACC,0.5352586998673334,0.6126205921173096
GGCGAGGAGCUGUUCACCG,XXXXXXXUACCACUCGUUCCCGCUCCUCGACAAGUGGCCCCACCACGGGUAGGACCA,0.3223798346770078,0.59521484375
GCGAGGAGCUGUUCACCGG,XXXXXXUACCACUCGUUCCCGCUCCUCGACAAGUGGCCCCACCACGGGUAGGACCAG,0.6755791407286459,0.5005718469619751
CGAGGAGCUGUUCACCGGG,XXXXXUACCACUCGUUCCCGCUCCUCGACAAGUGGCCCCACCACGGGUAGGACCAGC,0.4008572303296255,0.49882450699806213
GAGGAGCUGUUCACCGGGG,XXXXUACCACUCGUUCCCGCUCCUCGACAAGUGGCCCCACCACGGGUAGGACCAGCU,0.124502500255128,0.5328323841094971
AGGAGCUGUUCACCGGGGU,XXXUACCACUCGUUCCCGCUCCUCGACAAGUGGCCCCACCACGGGUAGGACCAGCUC,0.5108684559648944,0.553504467010498
GGAGCUGUUCACCGGGGUG,XXUACCACUCGUUCCCGCUCCUCGACAAGUGGCCCCACCACGGGUAGGACCAGCUCG,0.6737422185937341,0.4768100082874298
GAGCUGUUCACCGGGGUGG,XUACCACUCGUUCCCGCUCCUCGACAAGUGGCCCCACCACGGGUAGGACCAGCUCGA,0.5212776813960608,0.48509228229522705
AGCUGUUCACCGGGGUGGU,UACCACUCGUUCCCGCUCCUCGACAAGUGGCCCCACCACGGGUAGGACCAGCUCGAC,0.6184304520869477,0.47415778040885925
GCUGUUCACCGGGGUGGUG,ACCACUCGUUCCCGCUCCUCGACAAGUGGCCCCACCACGGGUAGGACCAGCUCGACC,0.4940300030615369,0.44773244857788086
CUGUUCACCGGGGUGGUGC,CCACUCGUUCCCGCUCCUCGACAAGUGGCCCCACCACGGGUAGGACCAGCUCGACCU,0.3426880293907541,0.5577225089073181
UGUUCACCGGGGUGGUGCC,CACUCGUUCCCGCUCCUCGACAAGUGGCCCCACCACGGGUAGGACCAGCUCGACCUG,0.5610776609858149,0.5327968001365662
GUUCACCGGGGUGGUGCCC,ACUCGUUCCCGCUCCUCGACAAGUGGCCCCACCACGGGUAGGACCAGCUCGACCUGC,0.3006429227472191,0.5192306637763977
UUCACCGGGGUGGUGCCCA,CUCGUUCCCGCUCCUCGACAAGUGGCCCCACCACGGGUAGGACCAGCUCGACCUGCC,0.2596183284008572,0.496072918176651
UCACCGGGGUGGUGCCCAU,UCGUUCCCGCUCCUCGACAAGUGGCCCCACCACGGGUAGGACCAGCUCGACCUGCCG,0.4584141238901929,0.5494081377983093
CACCGGGGUGGUGCCCAUC,CGUUCCCGCUCCUCGACAAGUGGCCCCACCACGGGUAGGACCAGCUCGACCUGCCGC,0.3110521481783855,0.4304278492927551
ACCGGGGUGGUGCCCAUCC,GUUCCCGCUCCUCGACAAGUGGCCCCACCACGGGUAGGACCAGCUCGACCUGCCGCU,0.289723441167466,0.5290369391441345
CCGGGGUGGUGCCCAUCCU,UUCCCGCUCCUCGACAAGUGGCCCCACCACGGGUAGGACCAGCUCGACCUGCCGCUG,0.486376160832738,0.38781967759132385
CGGGGUGGUGCCCAUCCUG,UCCCGCUCCUCGACAAGUGGCCCCACCACGGGUAGGACCAGCUCGACCUGCCGCUGC,0.3310541892029799,0.46772390604019165
GGGGUGGUGCCCAUCCUGG,CCCGCUCCUCGACAAGUGGCCCCACCACGGGUAGGACCAGCUCGACCUGCCGCUGCA,0.1737932442085927,0.40170738101005554
GGGUGGUGCCCAUCCUGGU,CCGCUCCUCGACAAGUGGCCCCACCACGGGUAGGACCAGCUCGACCUGCCGCUGCAU,0.6225125012756404,0.4316750466823578
GGUGGUGCCCAUCCUGGUC,CGCUCCUCGACAAGUGGCCCCACCACGGGUAGGACCAGCUCGACCUGCCGCUGCAUU,0.4343300336769058,0.4307880401611328
GUGGUGCCCAUCCUGGUCG,GCUCCUCGACAAGUGGCCCCACCACGGGUAGGACCAGCUCGACCUGCCGCUGCAUUU,0.2782937034391264,0.5592690706253052
UGGUGCCCAUCCUGGUCGA,CUCCUCGACAAGUGGCCCCACCACGGGUAGGACCAGCUCGACCUGCCGCUGCAUUUG,0.5353607510970507,0.4764239192008972
GGUGCCCAUCCUGGUCGAG,UCCUCGACAAGUGGCCCCACCACGGGUAGGACCAGCUCGACCUGCCGCUGCAUUUGC,0.3097254821920605,0.48440366983413696
GUGCCCAUCCUGGUCGAGC,CCUCGACAAGUGGCCCCACCACGGGUAGGACCAGCUCGACCUGCCGCUGCAUUUGCC,0.1800183692213491,0.553974449634552
UGCCCAUCCUGGUCGAGCU,CUCGACAAGUGGCCCCACCACGGGUAGGACCAGCUCGACCUGCCGCUGCAUUUGCCG,0.5531176650678641,0.6252137422561646
GCCCAUCCUGGUCGAGCUG,UCGACAAGUGGCCCCACCACGGGUAGGACCAGCUCGACCUGCCGCUGCAUUUGCCGG,0.4057556893560567,0.4285755455493927
CCCAUCCUGGUCGAGCUGG,CGACAAGUGGCCCCACCACGGGUAGGACCAGCUCGACCUGCCGCUGCAUUUGCCGGU,0.3466680273497295,0.48177921772003174
CCAUCCUGGUCGAGCUGGA,GACAAGUGGCCCCACCACGGGUAGGACCAGCUCGACCUGCCGCUGCAUUUGCCGGUG,0.654148382488009,0.41500213742256165
CAUCCUGGUCGAGCUGGAC,ACAAGUGGCCCCACCACGGGUAGGACCAGCUCGACCUGCCGCUGCAUUUGCCGGUGU,0.6049596897642617,0.539705753326416
AUCCUGGUCGAGCUGGACG,CAAGUGGCCCCACCACGGGUAGGACCAGCUCGACCUGCCGCUGCAUUUGCCGGUGUU,0.3201347076232269,0.5654699802398682
UCCUGGUCGAGCUGGACGG,AAGUGGCCCCACCACGGGUAGGACCAGCUCGACCUGCCGCUGCAUUUGCCGGUGUUC,0.4978058985610777,0.5984260439872742
CCUGGUCGAGCUGGACGGC,AGUGGCCCCACCACGGGUAGGACCAGCUCGACCUGCCGCUGCAUUUGCCGGUGUUCA,0.3463618736605776,0.4418586790561676
CUGGUCGAGCUGGACGGCG,GUGGCCCCACCACGGGUAGGACCAGCUCGACCUGCCGCUGCAUUUGCCGGUGUUCAA,0.3119706092458414,0.5707505941390991
UGGUCGAGCUGGACGGCGA,UGGCCCCACCACGGGUAGGACCAGCUCGACCUGCCGCUGCAUUUGCCGGUGUUCAAG,0.7840595979181549,0.4661271870136261
GGUCGAGCUGGACGGCGAC,GGCCCCACCACGGGUAGGACCAGCUCGACCUGCCGCUGCAUUUGCCGGUGUUCAAGU,0.7300744973976938,0.495155394077301
GUCGAGCUGGACGGCGACG,GCCCCACCACGGGUAGGACCAGCUCGACCUGCCGCUGCAUUUGCCGGUGUUCAAGUC,0.2548219206041432,0.48514896631240845
UCGAGCUGGACGGCGACGU,CCCCACCACGGGUAGGACCAGCUCGACCUGCCGCUGCAUUUGCCGGUGUUCAAGUCG,0.2950301051127666,0.6462259292602539
CGAGCUGGACGGCGACGUA,CCCACCACGGGUAGGACCAGCUCGACCUGCCGCUGCAUUUGCCGGUGUUCAAGUCGC,0.5324012654352486,0.340315043926239
GAGCUGGACGGCGACGUAA,CCACCACGGGUAGGACCAGCUCGACCUGCCGCUGCAUUUGCCGGUGUUCAAGUCGCA,0.6049596897642617,0.38883641362190247
AGCUGGACGGCGACGUAAA,CACCACGGGUAGGACCAGCUCGACCUGCCGCUGCAUUUGCCGGUGUUCAAGUCGCAC,0.4564751505255638,0.3197745680809021
GCUGGACGGCGACGUAAAC,ACCACGGGUAGGACCAGCUCGACCUGCCGCUGCAUUUGCCGGUGUUCAAGUCGCACA,0.582916624145321,0.38095077872276306
CUGGACGGCGACGUAAACG,CCACGGGUAGGACCAGCUCGACCUGCCGCUGCAUUUGCCGGUGUUCAAGUCGCACAG,0.3793244208592713,0.49753043055534363
UGGACGGCGACGUAAACGG,CACGGGUAGGACCAGCUCGACCUGCCGCUGCAUUUGCCGGUGUUCAAGUCGCACAGG,0.330441881824676,0.5638909339904785
GGACGGCGACGUAAACGGC,ACGGGUAGGACCAGCUCGACCUGCCGCUGCAUUUGCCGGUGUUCAAGUCGCACAGGC,0.3578936626186346,0.4129299223423004
GACGGCGACGUAAACGGCC,CGGGUAGGACCAGCUCGACCUGCCGCUGCAUUUGCCGGUGUUCAAGUCGCACAGGCC,0.4564751505255638,0.49508336186408997
ACGGCGACGUAAACGGCCA,GGGUAGGACCAGCUCGACCUGCCGCUGCAUUUGCCGGUGUUCAAGUCGCACAGGCCG,0.6999693846310849,0.426008939743042
CGGCGACGUAAACGGCCAC,GGUAGGACCAGCUCGACCUGCCGCUGCAUUUGCCGGUGUUCAAGUCGCACAGGCCGC,0.7239514236146546,0.43025127053260803
GGCGACGUAAACGGCCACA,GUAGGACCAGCUCGACCUGCCGCUGCAUUUGCCGGUGUUCAAGUCGCACAGGCCGCU,0.4493315644453516,0.38677099347114563
GCGACGUAAACGGCCACAA,UAGGACCAGCUCGACCUGCCGCUGCAUUUGCCGGUGUUCAAGUCGCACAGGCCGCUC,0.5098479436677212,0.31963521242141724
CGACGUAAACGGCCACAAG,AGGACCAGCUCGACCUGCCGCUGCAUUUGCCGGUGUUCAAGUCGCACAGGCCGCUCC,0.5905704663741198,0.3658694624900818
GACGUAAACGGCCACAAGU,GGACCAGCUCGACCUGCCGCUGCAUUUGCCGGUGUUCAAGUCGCACAGGCCGCUCCC,0.5474027962036943,0.39473798871040344
ACGUAAACGGCCACAAGUU,GACCAGCUCGACCUGCCGCUGCAUUUGCCGGUGUUCAAGUCGCACAGGCCGCUCCCG,0.5494438207980407,0.3429792523384094
CGUAAACGGCCACAAGUUC,ACCAGCUCGACCUGCCGCUGCAUUUGCCGGUGUUCAAGUCGCACAGGCCGCUCCCGC,0.6984386161853251,0.3722683787345886
GUAAACGGCCACAAGUUCA,CCAGCUCGACCUGCCGCUGCAUUUGCCGGUGUUCAAGUCGCACAGGCCGCUCCCGCU,0.8462087968160017,0.30177077651023865
UAAACGGCCACAAGUUCAG,CAGCUCGACCUGCCGCUGCAUUUGCCGGUGUUCAAGUCGCACAGGCCGCUCCCGCUC,0.5635268904990306,0.5552076101303101
AAACGGCCACAAGUUCAGC,AGCUCGACCUGCCGCUGCAUUUGCCGGUGUUCAAGUCGCACAGGCCGCUCCCGCUCC,0.4266761914481071,0.4709495007991791
AACGGCCACAAGUUCAGCG,GCUCGACCUGCCGCUGCAUUUGCCGGUGUUCAAGUCGCACAGGCCGCUCCCGCUCCC,0.4357587508929483,0.5637420415878296
ACGGCCACAAGUUCAGCGU,CUCGACCUGCCGCUGCAUUUGCCGGUGUUCAAGUCGCACAGGCCGCUCCCGCUCCCG,0.6946627206857843,0.4336961507797241
CGGCCACAAGUUCAGCGUG,UCGACCUGCCGCUGCAUUUGCCGGUGUUCAAGUCGCACAGGCCGCUCCCGCUCCCGC,0.6507806919073376,0.49508821964263916
GGCCACAAGUUCAGCGUGU,CGACCUGCCGCUGCAUUUGCCGGUGUUCAAGUCGCACAGGCCGCUCCCGCUCCCGCU,0.6042453311562405,0.3924482464790344
GCCACAAGUUCAGCGUGUC,GACCUGCCGCUGCAUUUGCCGGUGUUCAAGUCGCACAGGCCGCUCCCGCUCCCGCUA,0.7624247372180835,0.5173740983009338
CCACAAGUUCAGCGUGUCC,ACCUGCCGCUGCAUUUGCCGGUGUUCAAGUCGCACAGGCCGCUCCCGCUCCCGCUAC,0.8591693029901011,0.4820757806301117
CACAAGUUCAGCGUGUCCG,CCUGCCGCUGCAUUUGCCGGUGUUCAAGUCGCACAGGCCGCUCCCGCUCCCGCUACG,0.5750586794570876,0.5366075038909912
ACAAGUUCAGCGUGUCCGG,CUGCCGCUGCAUUUGCCGGUGUUCAAGUCGCACAGGCCGCUCCCGCUCCCGCUACGG,0.5430145933258497,0.529721200466156
CAAGUUCAGCGUGUCCGGC,UGCCGCUGCAUUUGCCGGUGUUCAAGUCGCACAGGCCGCUCCCGCUCCCGCUACGGU,0.5872027757934484,0.4857282340526581
AAGUUCAGCGUGUCCGGCG,GCCGCUGCAUUUGCCGGUGUUCAAGUCGCACAGGCCGCUCCCGCUCCCGCUACGGUG,0.4125931217471171,0.5914881825447083
AGUUCAGCGUGUCCGGCGA,CCGCUGCAUUUGCCGGUGUUCAAGUCGCACAGGCCGCUCCCGCUCCCGCUACGGUGG,0.7484437187468108,0.4416532814502716
GUUCAGCGUGUCCGGCGAG,CGCUGCAUUUGCCGGUGUUCAAGUCGCACAGGCCGCUCCCGCUCCCGCUACGGUGGA,0.5054597407898765,0.4701271951198578
UUCAGCGUGUCCGGCGAGG,GCUGCAUUUGCCGGUGUUCAAGUCGCACAGGCCGCUCCCGCUCCCGCUACGGUGGAU,0.4033064598428412,0.6164882779121399
UCAGCGUGUCCGGCGAGGG,CUGCAUUUGCCGGUGUUCAAGUCGCACAGGCCGCUCCCGCUCCCGCUACGGUGGAUG,0.348709051944076,0.5716567635536194
CAGCGUGUCCGGCGAGGGC,UGCAUUUGCCGGUGUUCAAGUCGCACAGGCCGCUCCCGCUCCCGCUACGGUGGAUGC,0.5032146137360956,0.44790157675743103
AGCGUGUCCGGCGAGGGCG,GCAUUUGCCGGUGUUCAAGUCGCACAGGCCGCUCCCGCUCCCGCUACGGUGGAUGCC,0.5020920502092051,0.446439266204834
GCGUGUCCGGCGAGGGCGA,CAUUUGCCGGUGUUCAAGUCGCACAGGCCGCUCCCGCUCCCGCUACGGUGGAUGCCG,0.3970813348300847,0.2554001808166504
CGUGUCCGGCGAGGGCGAG,AUUUGCCGGUGUUCAAGUCGCACAGGCCGCUCCCGCUCCCGCUACGGUGGAUGCCGU,0.3996326155730176,0.31381237506866455
GUGUCCGGCGAGGGCGAGG,UUUGCCGGUGUUCAAGUCGCACAGGCCGCUCCCGCUCCCGCUACGGUGGAUGCCGUU,0.4082049188692724,0.3832830488681793
UGUCCGGCGAGGGCGAGGG,UUGCCGGUGUUCAAGUCGCACAGGCCGCUCCCGCUCCCGCUACGGUGGAUGCCGUUC,0.5237269109092765,0.45651382207870483
GUCCGGCGAGGGCGAGGGC,UGCCGGUGUUCAAGUCGCACAGGCCGCUCCCGCUCCCGCUACGGUGGAUGCCGUUCG,0.5388304929074396,0.35004422068595886
UCCGGCGAGGGCGAGGGCG,GCCGGUGUUCAAGUCGCACAGGCCGCUCCCGCUCCCGCUACGGUGGAUGCCGUUCGA,0.4535156648637616,0.4112205505371094
CCGGCGAGGGCGAGGGCGA,CCGGUGUUCAAGUCGCACAGGCCGCUCCCGCUCCCGCUACGGUGGAUGCCGUUCGAC,0.3548321257271151,0.2744160294532776
CGGCGAGGGCGAGGGCGAU,CGGUGUUCAAGUCGCACAGGCCGCUCCCGCUCCCGCUACGGUGGAUGCCGUUCGACU,0.3088070211246045,0.23246878385543823
GGCGAGGGCGAGGGCGAUG,GGUGUUCAAGUCGCACAGGCCGCUCCCGCUCCCGCUACGGUGGAUGCCGUUCGACUG,0.3953464639248903,0.2907622754573822
GCGAGGGCGAGGGCGAUGC,GUGUUCAAGUCGCACAGGCCGCUCCCGCUCCCGCUACGGUGGAUGCCGUUCGACUGG,0.3413613634044291,0.2794424593448639
CGAGGGCGAGGGCGAUGCC,UGUUCAAGUCGCACAGGCCGCUCCCGCUCCCGCUACGGUGGAUGCCGUUCGACUGGG,0.2987039493825901,0.33846354484558105
GAGGGCGAGGGCGAUGCCA,GUUCAAGUCGCACAGGCCGCUCCCGCUCCCGCUACGGUGGAUGCCGUUCGACUGGGA,0.3119706092458414,0.3584969937801361
AGGGCGAGGGCGAUGCCAC,UUCAAGUCGCACAGGCCGCUCCCGCUCCCGCUACGGUGGAUGCCGUUCGACUGGGAC,0.4055515868966221,0.43569982051849365
GGGCGAGGGCGAUGCCACC,UCAAGUCGCACAGGCCGCUCCCGCUCCCGCUACGGUGGAUGCCGUUCGACUGGGACU,0.1663435044392285,0.43559548258781433
GGCGAGGGCGAUGCCACCU,CAAGUCGCACAGGCCGCUCCCGCUCCCGCUACGGUGGAUGCCGUUCGACUGGGACUU,0.4013674864782121,0.3860620856285095
GCGAGGGCGAUGCCACCUA,AAGUCGCACAGGCCGCUCCCGCUCCCGCUACGGUGGAUGCCGUUCGACUGGGACUUC,0.2910501071537912,0.36778193712234497
CGAGGGCGAUGCCACCUAC,AGUCGCACAGGCCGCUCCCGCUCCCGCUACGGUGGAUGCCGUUCGACUGGGACUUCA,0.3694254515766915,0.3853999078273773
GAGGGCGAUGCCACCUACG,GUCGCACAGGCCGCUCCCGCUCCCGCUACGGUGGAUGCCGUUCGACUGGGACUUCAA,0.3322788039595877,0.5341641902923584
AGGGCGAUGCCACCUACGG,UCGCACAGGCCGCUCCCGCUCCCGCUACGGUGGAUGCCGUUCGACUGGGACUUCAAG,0.2516583324829064,0.4749203622341156
GGGCGAUGCCACCUACGGC,CGCACAGGCCGCUCCCGCUCCCGCUACGGUGGAUGCCGUUCGACUGGGACUUCAAGU,0.327890601081743,0.4271238148212433
GGCGAUGCCACCUACGGCA,GCACAGGCCGCUCCCGCUCCCGCUACGGUGGAUGCCGUUCGACUGGGACUUCAAGUA,0.4970915399530565,0.3564360737800598
GCGAUGCCACCUACGGCAA,CACAGGCCGCUCCCGCUCCCGCUACGGUGGAUGCCGUUCGACUGGGACUUCAAGUAG,0.403918767221145,0.2795427739620209
CGAUGCCACCUACGGCAAG,ACAGGCCGCUCCCGCUCCCGCUACGGUGGAUGCCGUUCGACUGGGACUUCAAGUAGA,0.5552607408919278,0.35487908124923706
GAUGCCACCUACGGCAAGC,CAGGCCGCUCCCGCUCCCGCUACGGUGGAUGCCGUUCGACUGGGACUUCAAGUAGAC,0.3197265027043576,0.45688512921333313
AUGCCACCUACGGCAAGCU,AGGCCGCUCCCGCUCCCGCUACGGUGGAUGCCGUUCGACUGGGACUUCAAGUAGACG,0.4773956526176141,0.49350711703300476
UGCCACCUACGGCAAGCUG,GGCCGCUCCCGCUCCCGCUACGGUGGAUGCCGUUCGACUGGGACUUCAAGUAGACGU,0.1966527196652719,0.49813559651374817
GCCACCUACGGCAAGCUGA,GCCGCUCCCGCUCCCGCUACGGUGGAUGCCGUUCGACUGGGACUUCAAGUAGACGUG,0.4618838657005817,0.38917356729507446
CCACCUACGGCAAGCUGAC,CCGCUCCCGCUCCCGCUACGGUGGAUGCCGUUCGACUGGGACUUCAAGUAGACGUGG,0.5697520155117869,0.44784751534461975
CACCUACGGCAAGCUGACC,CGCUCCCGCUCCCGCUACGGUGGAUGCCGUUCGACUGGGACUUCAAGUAGACGUGGU,0.3545259720379631,0.46296262741088867
ACCUACGGCAAGCUGACCC,GCUCCCGCUCCCGCUACGGUGGAUGCCGUUCGACUGGGACUUCAAGUAGACGUGGUG,0.3990203081947138,0.5140320062637329
CCUACGGCAAGCUGACCCU,CUCCCGCUCCCGCUACGGUGGAUGCCGUUCGACUGGGACUUCAAGUAGACGUGGUGG,0.6911929788753955,0.35841104388237
CUACGGCAAGCUGACCCUG,UCCCGCUCCCGCUACGGUGGAUGCCGUUCGACUGGGACUUCAAGUAGACGUGGUGGC,0.3141136850699051,0.5037226676940918
UACGGCAAGCUGACCCUGA,CCCGCUCCCGCUACGGUGGAUGCCGUUCGACUGGGACUUCAAGUAGACGUGGUGGCC,0.4946423104398408,0.46132779121398926
ACGGCAAGCUGACCCUGAA,CCGCUCCCGCUACGGUGGAUGCCGUUCGACUGGGACUUCAAGUAGACGUGGUGGCCG,0.7651801204204511,0.4375935196876526
CGGCAAGCUGACCCUGAAG,CGCUCCCGCUACGGUGGAUGCCGUUCGACUGGGACUUCAAGUAGACGUGGUGGCCGU,0.6588427390550057,0.36051875352859497
GGCAAGCUGACCCUGAAGU,GCUCCCGCUACGGUGGAUGCCGUUCGACUGGGACUUCAAGUAGACGUGGUGGCCGUU,0.6385345443412593,0.4291408658027649
GCAAGCUGACCCUGAAGUU,CUCCCGCUACGGUGGAUGCCGUUCGACUGGGACUUCAAGUAGACGUGGUGGCCGUUC,0.7105827125216859,0.3356809616088867
CAAGCUGACCCUGAAGUUC,UCCCGCUACGGUGGAUGCCGUUCGACUGGGACUUCAAGUAGACGUGGUGGCCGUUCG,0.7322175732217574,0.5207967758178711
AAGCUGACCCUGAAGUUCA,CCCGCUACGGUGGAUGCCGUUCGACUGGGACUUCAAGUAGACGUGGUGGCCGUUCGA,0.9358097765078072,0.4050852656364441
AGCUGACCCUGAAGUUCAU,CCGCUACGGUGGAUGCCGUUCGACUGGGACUUCAAGUAGACGUGGUGGCCGUUCGAC,0.8910092866619044,0.4259054660797119
GCUGACCCUGAAGUUCAUC,CGCUACGGUGGAUGCCGUUCGACUGGGACUUCAAGUAGACGUGGUGGCCGUUCGACG,0.7672211450147975,0.3003517985343933
CUGACCCUGAAGUUCAUCU,GCUACGGUGGAUGCCGUUCGACUGGGACUUCAAGUAGACGUGGUGGCCGUUCGACGG,0.7119093785080112,0.4448726773262024
UGACCCUGAAGUUCAUCUG,CUACGGUGGAUGCCGUUCGACUGGGACUUCAAGUAGACGUGGUGGCCGUUCGACGGG,0.5111746096540464,0.44374415278434753
GACCCUGAAGUUCAUCUGC,UACGGUGGAUGCCGUUCGACUGGGACUUCAAGUAGACGUGGUGGCCGUUCGACGGGC,0.4439228492703337,0.3922782242298126
ACCCUGAAGUUCAUCUGCA,ACGGUGGAUGCCGUUCGACUGGGACUUCAAGUAGACGUGGUGGCCGUUCGACGGGCA,0.8051842024696398,0.3181978464126587
CCCUGAAGUUCAUCUGCAC,CGGUGGAUGCCGUUCGACUGGGACUUCAAGUAGACGUGGUGGCCGUUCGACGGGCAC,0.8063067659965304,0.35794517397880554
CCUGAAGUUCAUCUGCACC,GGUGGAUGCCGUUCGACUGGGACUUCAAGUAGACGUGGUGGCCGUUCGACGGGCACG,0.695172976834371,0.39993709325790405
CUGAAGUUCAUCUGCACCA,GUGGAUGCCGUUCGACUGGGACUUCAAGUAGACGUGGUGGCCGUUCGACGGGCACGG,0.6880293907541587,0.3757491111755371
UGAAGUUCAUCUGCACCAC,UGGAUGCCGUUCGACUGGGACUUCAAGUAGACGUGGUGGCCGUUCGACGGGCACGGG,0.4635166853760588,0.5267152786254883
GAAGUUCAUCUGCACCACC,GGAUGCCGUUCGACUGGGACUUCAAGUAGACGUGGUGGCCGUUCGACGGGCACGGGA,0.5413817736503725,0.4342557191848755
AAGUUCAUCUGCACCACCG,GAUGCCGUUCGACUGGGACUUCAAGUAGACGUGGUGGCCGUUCGACGGGCACGGGAC,0.5989386672109399,0.564470648765564
AGUUCAUCUGCACCACCGG,AUGCCGUUCGACUGGGACUUCAAGUAGACGUGGUGGCCGUUCGACGGGCACGGGACC,0.3915705684253495,0.3836630880832672
GUUCAUCUGCACCACCGGC,UGCCGUUCGACUGGGACUUCAAGUAGACGUGGUGGCCGUUCGACGGGCACGGGACCG,0.1335850596999694,0.3716878890991211
UUCAUCUGCACCACCGGCA,GCCGUUCGACUGGGACUUCAAGUAGACGUGGUGGCCGUUCGACGGGCACGGGACCGG,0.2221655270946015,0.4534761309623718
UCAUCUGCACCACCGGCAA,CCGUUCGACUGGGACUUCAAGUAGACGUGGUGGCCGUUCGACGGGCACGGGACCGGG,0.4949484641289928,0.3565506339073181
CAUCUGCACCACCGGCAAG,CGUUCGACUGGGACUUCAAGUAGACGUGGUGGCCGUUCGACGGGCACGGGACCGGGU,0.4151444024900499,0.4136142432689667
AUCUGCACCACCGGCAAGC,GUUCGACUGGGACUUCAAGUAGACGUGGUGGCCGUUCGACGGGCACGGGACCGGGUG,0.0612307378303908,0.46058911085128784
UCUGCACCACCGGCAAGCU,UUCGACUGGGACUUCAAGUAGACGUGGUGGCCGUUCGACGGGCACGGGACCGGGUGG,0.0443922849270333,0.4889722764492035
CUGCACCACCGGCAAGCUG,UCGACUGGGACUUCAAGUAGACGUGGUGGCCGUUCGACGGGCACGGGACCGGGUGGG,0.3306459842841106,0.3922365605831146
UGCACCACCGGCAAGCUGC,CGACUGGGACUUCAAGUAGACGUGGUGGCCGUUCGACGGGCACGGGACCGGGUGGGA,0.0389835697520155,0.5188509225845337
GCACCACCGGCAAGCUGCC,GACUGGGACUUCAAGUAGACGUGGUGGCCGUUCGACGGGCACGGGACCGGGUGGGAG,0.3609551995101541,0.3957284986972809
CACCACCGGCAAGCUGCCC,ACUGGGACUUCAAGUAGACGUGGUGGCCGUUCGACGGGCACGGGACCGGGUGGGAGC,0.212062455352587,0.4561694860458374
ACCACCGGCAAGCUGCCCG,CUGGGACUUCAAGUAGACGUGGUGGCCGUUCGACGGGCACGGGACCGGGUGGGAGCA,0.0474538218185529,0.41280603408813477
CCACCGGCAAGCUGCCCGU,UGGGACUUCAAGUAGACGUGGUGGCCGUUCGACGGGCACGGGACCGGGUGGGAGCAC,0.3957546688437596,0.32191041111946106
CACCGGCAAGCUGCCCGUG,GGGACUUCAAGUAGACGUGGUGGCCGUUCGACGGGCACGGGACCGGGUGGGAGCACU,0.2002245127053781,0.406944215297699
ACCGGCAAGCUGCCCGUGC,GGACUUCAAGUAGACGUGGUGGCCGUUCGACGGGCACGGGACCGGGUGGGAGCACUG,0.1718542708439636,0.4200609624385834
CCGGCAAGCUGCCCGUGCC,GACUUCAAGUAGACGUGGUGGCCGUUCGACGGGCACGGGACCGGGUGGGAGCACUGG,0.4710684763751403,0.35266903042793274
CGGCAAGCUGCCCGUGCCC,ACUUCAAGUAGACGUGGUGGCCGUUCGACGGGCACGGGACCGGGUGGGAGCACUGGU,0.2816613940197979,0.35462069511413574
GGCAAGCUGCCCGUGCCCU,CUUCAAGUAGACGUGGUGGCCGUUCGACGGGCACGGGACCGGGUGGGAGCACUGGUG,0.3128890703132973,0.3206543028354645
GCAAGCUGCCCGUGCCCUG,UUCAAGUAGACGUGGUGGCCGUUCGACGGGCACGGGACCGGGUGGGAGCACUGGUGG,0.5715889376466987,0.3423197865486145
CAAGCUGCCCGUGCCCUGG,UCAAGUAGACGUGGUGGCCGUUCGACGGGCACGGGACCGGGUGGGAGCACUGGUGGG,0.4725992448209001,0.36162522435188293
AAGCUGCCCGUGCCCUGGC,CAAGUAGACGUGGUGGCCGUUCGACGGGCACGGGACCGGGUGGGAGCACUGGUGGGA,0.1839983671803245,0.4376479685306549
AGCUGCCCGUGCCCUGGCC,AAGUAGACGUGGUGGCCGUUCGACGGGCACGGGACCGGGUGGGAGCACUGGUGGGAC,0.0866414940300029,0.38482534885406494
GCUGCCCGUGCCCUGGCCC,AGUAGACGUGGUGGCCGUUCGACGGGCACGGGACCGGGUGGGAGCACUGGUGGGACU,0.2934993366670069,0.3065353035926819
CUGCCCGUGCCCUGGCCCA,GUAGACGUGGUGGCCGUUCGACGGGCACGGGACCGGGUGGGAGCACUGGUGGGACUG,0.2693131952240025,0.302553653717041
UGCCCGUGCCCUGGCCCAC,UAGACGUGGUGGCCGUUCGACGGGCACGGGACCGGGUGGGAGCACUGGUGGGACUGG,0.2416573119706092,0.37221208214759827
GCCCGUGCCCUGGCCCACC,AGACGUGGUGGCCGUUCGACGGGCACGGGACCGGGUGGGAGCACUGGUGGGACUGGA,0.1526686396571079,0.2780529856681824
CCCGUGCCCUGGCCCACCC,GACGUGGUGGCCGUUCGACGGGCACGGGACCGGGUGGGAGCACUGGUGGGACUGGAU,0.0853148280436779,0.31103745102882385
CCGUGCCCUGGCCCACCCU,ACGUGGUGGCCGUUCGACGGGCACGGGACCGGGUGGGAGCACUGGUGGGACUGGAUG,0.0519440759261149,0.2577989399433136
CGUGCCCUGGCCCACCCUC,CGUGGUGGCCGUUCGACGGGCACGGGACCGGGUGGGAGCACUGGUGGGACUGGAUGC,0.2984998469231554,0.2851245701313019
GUGCCCUGGCCCACCCUCG,GUGGUGGCCGUUCGACGGGCACGGGACCGGGUGGGAGCACUGGUGGGACUGGAUGCC,0.0,0.33114543557167053
UGCCCUGGCCCACCCUCGU,UGGUGGCCGUUCGACGGGCACGGGACCGGGUGGGAGCACUGGUGGGACUGGAUGCCG,0.0001020512297173,0.3641541302204132
GCCCUGGCCCACCCUCGUG,GGUGGCCGUUCGACGGGCACGGGACCGGGUGGGAGCACUGGUGGGACUGGAUGCCGC,0.2324727012960506,0.33368387818336487
CCCUGGCCCACCCUCGUGA,GUGGCCGUUCGACGGGCACGGGACCGGGUGGGAGCACUGGUGGGACUGGAUGCCGCA,0.2582916624145321,0.26639851927757263
CCUGGCCCACCCUCGUGAC,UGGCCGUUCGACGGGCACGGGACCGGGUGGGAGCACUGGUGGGACUGGAUGCCGCAC,0.3158485559750995,0.3206427991390228
CUGGCCCACCCUCGUGACC,GGCCGUUCGACGGGCACGGGACCGGGUGGGAGCACUGGUGGGACUGGAUGCCGCACG,0.2481885906725176,0.44247376918792725
UGGCCCACCCUCGUGACCA,GCCGUUCGACGGGCACGGGACCGGGUGGGAGCACUGGUGGGACUGGAUGCCGCACGU,0.72793142157363,0.4412890076637268
GGCCCACCCUCGUGACCAC,CCGUUCGACGGGCACGGGACCGGGUGGGAGCACUGGUGGGACUGGAUGCCGCACGUC,0.5200530666394529,0.34332406520843506
GCCCACCCUCGUGACCACC,CGUUCGACGGGCACGGGACCGGGUGGGAGCACUGGUGGGACUGGAUGCCGCACGUCA,0.4482090009184611,0.40876784920692444
CCCACCCUCGUGACCACCC,GUUCGACGGGCACGGGACCGGGUGGGAGCACUGGUGGGACUGGAUGCCGCACGUCAC,0.2080824573936116,0.3849981129169464
CCACCCUCGUGACCACCCU,UUCGACGGGCACGGGACCGGGUGGGAGCACUGGUGGGACUGGAUGCCGCACGUCACG,0.3463618736605776,0.36040255427360535
CACCCUCGUGACCACCCUG,UCGACGGGCACGGGACCGGGUGGGAGCACUGGUGGGACUGGAUGCCGCACGUCACGA,0.270435758750893,0.38643115758895874
ACCCUCGUGACCACCCUGA,CGACGGGCACGGGACCGGGUGGGAGCACUGGUGGGACUGGAUGCCGCACGUCACGAA,0.3797326257781406,0.3680056929588318
CCCUCGUGACCACCCUGAC,GACGGGCACGGGACCGGGUGGGAGCACUGGUGGGACUGGAUGCCGCACGUCACGAAG,0.4331054189202979,0.3616921603679657
CCUCGUGACCACCCUGACC,ACGGGCACGGGACCGGGUGGGAGCACUGGUGGGACUGGAUGCCGCACGUCACGAAGU,0.5177058883559547,0.399710476398468
CUCGUGACCACCCUGACCU,CGGGCACGGGACCGGGUGGGAGCACUGGUGGGACUGGAUGCCGCACGUCACGAAGUC,0.5814879069292785,0.44852620363235474
UCGUGACCACCCUGACCUA,GGGCACGGGACCGGGUGGGAGCACUGGUGGGACUGGAUGCCGCACGUCACGAAGUCG,0.5284212674762732,0.4473501741886139
CGUGACCACCCUGACCUAC,GGCACGGGACCGGGUGGGAGCACUGGUGGGACUGGAUGCCGCACGUCACGAAGUCGG,0.4808653944280028,0.3852981626987457
GUGACCACCCUGACCUACG,GCACGGGACCGGGUGGGAGCACUGGUGGGACUGGAUGCCGCACGUCACGAAGUCGGC,0.6749668333503419,0.4607483744621277
UGACCACCCUGACCUACGG,CACGGGACCGGGUGGGAGCACUGGUGGGACUGGAUGCCGCACGUCACGAAGUCGGCG,0.4261659352995203,0.4955803155899048
GACCACCCUGACCUACGGC,ACGGGACCGGGUGGGAGCACUGGUGGGACUGGAUGCCGCACGUCACGAAGUCGGCGA,0.3065618940708235,0.4049399197101593
ACCACCCUGACCUACGGCG,CGGGACCGGGUGGGAGCACUGGUGGGACUGGAUGCCGCACGUCACGAAGUCGGCGAU,0.4613736095519951,0.4648679792881012
CCACCCUGACCUACGGCGU,GGGACCGGGUGGGAGCACUGGUGGGACUGGAUGCCGCACGUCACGAAGUCGGCGAUG,0.5794468823349321,0.30341866612434387
CACCCUGACCUACGGCGUG,GGACCGGGUGGGAGCACUGGUGGGACUGGAUGCCGCACGUCACGAAGUCGGCGAUGG,0.7585467904888255,0.42671477794647217
ACCCUGACCUACGGCGUGC,GACCGGGUGGGAGCACUGGUGGGACUGGAUGCCGCACGUCACGAAGUCGGCGAUGGG,0.6849678538626391,0.3640444874763489
CCCUGACCUACGGCGUGCA,ACCGGGUGGGAGCACUGGUGGGACUGGAUGCCGCACGUCACGAAGUCGGCGAUGGGG,0.5690376569037657,0.3341025412082672
CCUGACCUACGGCGUGCAG,CCGGGUGGGAGCACUGGUGGGACUGGAUGCCGCACGUCACGAAGUCGGCGAUGGGGC,0.4896418001836922,0.31676942110061646
CUGACCUACGGCGUGCAGU,CGGGUGGGAGCACUGGUGGGACUGGAUGCCGCACGUCACGAAGUCGGCGAUGGGGCU,0.5749566282273703,0.4071098268032074
UGACCUACGGCGUGCAGUG,GGGUGGGAGCACUGGUGGGACUGGAUGCCGCACGUCACGAAGUCGGCGAUGGGGCUG,0.5914889274415758,0.46181797981262207
GACCUACGGCGUGCAGUGC,GGUGGGAGCACUGGUGGGACUGGAUGCCGCACGUCACGAAGUCGGCGAUGGGGCUGG,0.6137360955199511,0.4571656286716461
ACCUACGGCGUGCAGUGCU,GUGGGAGCACUGGUGGGACUGGAUGCCGCACGUCACGAAGUCGGCGAUGGGGCUGGU,0.5682212470660272,0.3411189019680023
CCUACGGCGUGCAGUGCUU,UGGGAGCACUGGUGGGACUGGAUGCCGCACGUCACGAAGUCGGCGAUGGGGCUGGUG,0.7152770690886826,0.3261386454105377
CUACGGCGUGCAGUGCUUC,GGGAGCACUGGUGGGACUGGAUGCCGCACGUCACGAAGUCGGCGAUGGGGCUGGUGU,0.6091437901826717,0.4132029712200165
UACGGCGUGCAGUGCUUCA,GGAGCACUGGUGGGACUGGAUGCCGCACGUCACGAAGUCGGCGAUGGGGCUGGUGUA,0.57648739667313,0.519508421421051
ACGGCGUGCAGUGCUUCAG,GAGCACUGGUGGGACUGGAUGCCGCACGUCACGAAGUCGGCGAUGGGGCUGGUGUAC,0.6337381365445455,0.41828590631484985
CGGCGUGCAGUGCUUCAGC,AGCACUGGUGGGACUGGAUGCCGCACGUCACGAAGUCGGCGAUGGGGCUGGUGUACU,0.6030207163996327,0.4042568504810333
GGCGUGCAGUGCUUCAGCC,GCACUGGUGGGACUGGAUGCCGCACGUCACGAAGUCGGCGAUGGGGCUGGUGUACUU,0.7323196244514747,0.43398600816726685
GCGUGCAGUGCUUCAGCCG,CACUGGUGGGACUGGAUGCCGCACGUCACGAAGUCGGCGAUGGGGCUGGUGUACUUC,0.5177058883559547,0.4288747310638428
CGUGCAGUGCUUCAGCCGC,ACUGGUGGGACUGGAUGCCGCACGUCACGAAGUCGGCGAUGGGGCUGGUGUACUUCG,0.8117154811715482,0.34897854924201965
GUGCAGUGCUUCAGCCGCU,CUGGUGGGACUGGAUGCCGCACGUCACGAAGUCGGCGAUGGGGCUGGUGUACUUCGU,0.9209102969690784,0.46770238876342773
UGCAGUGCUUCAGCCGCUA,UGGUGGGACUGGAUGCCGCACGUCACGAAGUCGGCGAUGGGGCUGGUGUACUUCGUC,0.8367180324522909,0.46588245034217834
GCAGUGCUUCAGCCGCUAC,GGUGGGACUGGAUGCCGCACGUCACGAAGUCGGCGAUGGGGCUGGUGUACUUCGUCG,0.7507908970303092,0.448634535074234
CAGUGCUUCAGCCGCUACC,GUGGGACUGGAUGCCGCACGUCACGAAGUCGGCGAUGGGGCUGGUGUACUUCGUCGU,0.8291662414532096,0.4373111426830292
AGUGCUUCAGCCGCUACCC,UGGGACUGGAUGCCGCACGUCACGAAGUCGGCGAUGGGGCUGGUGUACUUCGUCGUG,0.8890703132972754,0.51964271068573
GUGCUUCAGCCGCUACCCC,GGGACUGGAUGCCGCACGUCACGAAGUCGGCGAUGGGGCUGGUGUACUUCGUCGUGC,0.5923053372793142,0.42883309721946716
UGCUUCAGCCGCUACCCCG,GGACUGGAUGCCGCACGUCACGAAGUCGGCGAUGGGGCUGGUGUACUUCGUCGUGCU,0.5981222573732013,0.5278024077415466
GCUUCAGCCGCUACCCCGA,GACUGGAUGCCGCACGUCACGAAGUCGGCGAUGGGGCUGGUGUACUUCGUCGUGCUG,0.7782426778242679,0.3077816367149353
CUUCAGCCGCUACCCCGAC,ACUGGAUGCCGCACGUCACGAAGUCGGCGAUGGGGCUGGUGUACUUCGUCGUGCUGA,0.6132258393713645,0.4317184090614319
UUCAGCCGCUACCCCGACC,CUGGAUGCCGCACGUCACGAAGUCGGCGAUGGGGCUGGUGUACUUCGUCGUGCUGAA,0.3737116032248188,0.5430836081504822
UCAGCCGCUACCCCGACCA,UGGAUGCCGCACGUCACGAAGUCGGCGAUGGGGCUGGUGUACUUCGUCGUGCUGAAG,0.5959791815491376,0.5140384435653687
CAGCCGCUACCCCGACCAC,GGAUGCCGCACGUCACGAAGUCGGCGAUGGGGCUGGUGUACUUCGUCGUGCUGAAGA,0.3811613429941831,0.4451833665370941
AGCCGCUACCCCGACCACA,GAUGCCGCACGUCACGAAGUCGGCGAUGGGGCUGGUGUACUUCGUCGUGCUGAAGAA,0.3426880293907541,0.4718516170978546
GCCGCUACCCCGACCACAU,AUGCCGCACGUCACGAAGUCGGCGAUGGGGCUGGUGUACUUCGUCGUGCUGAAGAAG,0.4561689968364119,0.32442837953567505
CCGCUACCCCGACCACAUG,UGCCGCACGUCACGAAGUCGGCGAUGGGGCUGGUGUACUUCGUCGUGCUGAAGAAGU,0.4528013062557404,0.42087072134017944
CGCUACCCCGACCACAUGA,GCCGCACGUCACGAAGUCGGCGAUGGGGCUGGUGUACUUCGUCGUGCUGAAGAAGUU,0.4151444024900499,0.31371113657951355
GCUACCCCGACCACAUGAA,CCGCACGUCACGAAGUCGGCGAUGGGGCUGGUGUACUUCGUCGUGCUGAAGAAGUUC,0.4566792529849985,0.3549412786960602
CUACCCCGACCACAUGAAG,CGCACGUCACGAAGUCGGCGAUGGGGCUGGUGUACUUCGUCGUGCUGAAGAAGUUCA,0.4048372282886009,0.38862189650535583
UACCCCGACCACAUGAAGC,GCACGUCACGAAGUCGGCGAUGGGGCUGGUGUACUUCGUCGUGCUGAAGAAGUUCAG,0.3150321461373609,0.575205385684967
ACCCCGACCACAUGAAGCA,CACGUCACGAAGUCGGCGAUGGGGCUGGUGUACUUCGUCGUGCUGAAGAAGUUCAGG,0.6407796713950403,0.3695146441459656
CCCCGACCACAUGAAGCAG,ACGUCACGAAGUCGGCGAUGGGGCUGGUGUACUUCGUCGUGCUGAAGAAGUUCAGGC,0.3337075211756302,0.41406264901161194
CCCGACCACAUGAAGCAGC,CGUCACGAAGUCGGCGAUGGGGCUGGUGUACUUCGUCGUGCUGAAGAAGUUCAGGCG,0.4131033778957036,0.406819611787796
CCGACCACAUGAAGCAGCA,GUCACGAAGUCGGCGAUGGGGCUGGUGUACUUCGUCGUGCUGAAGAAGUUCAGGCGG,0.5180120420451066,0.3942480981349945
CGACCACAUGAAGCAGCAC,UCACGAAGUCGGCGAUGGGGCUGGUGUACUUCGUCGUGCUGAAGAAGUUCAGGCGGU,0.6366976222063476,0.3804950714111328
GACCACAUGAAGCAGCACG,CACGAAGUCGGCGAUGGGGCUGGUGUACUUCGUCGUGCUGAAGAAGUUCAGGCGGUA,0.5108684559648944,0.5446275472640991
ACCACAUGAAGCAGCACGA,ACGAAGUCGGCGAUGGGGCUGGUGUACUUCGUCGUGCUGAAGAAGUUCAGGCGGUAC,0.7217062965608736,0.4470284879207611
CCACAUGAAGCAGCACGAC,CGAAGUCGGCGAUGGGGCUGGUGUACUUCGUCGUGCUGAAGAAGUUCAGGCGGUACG,0.6854781100112257,0.42686277627944946
CACAUGAAGCAGCACGACU,GAAGUCGGCGAUGGGGCUGGUGUACUUCGUCGUGCUGAAGAAGUUCAGGCGGUACGG,0.6578222267578324,0.4580180048942566
ACAUGAAGCAGCACGACUU,AAGUCGGCGAUGGGGCUGGUGUACUUCGUCGUGCUGAAGAAGUUCAGGCGGUACGGG,0.844065720991938,0.4099612236022949
CAUGAAGCAGCACGACUUC,AGUCGGCGAUGGGGCUGGUGUACUUCGUCGUGCUGAAGAAGUUCAGGCGGUACGGGC,0.6755791407286459,0.4491081237792969
AUGAAGCAGCACGACUUCU,GUCGGCGAUGGGGCUGGUGUACUUCGUCGUGCUGAAGAAGUUCAGGCGGUACGGGCU,0.6880293907541587,0.4711708426475525
UGAAGCAGCACGACUUCUU,UCGGCGAUGGGGCUGGUGUACUUCGUCGUGCUGAAGAAGUUCAGGCGGUACGGGCUU,0.6485355648535565,0.4557105302810669
GAAGCAGCACGACUUCUUC,CGGCGAUGGGGCUGGUGUACUUCGUCGUGCUGAAGAAGUUCAGGCGGUACGGGCUUC,0.6601694050413308,0.4588553309440613
AAGCAGCACGACUUCUUCA,GGCGAUGGGGCUGGUGUACUUCGUCGUGCUGAAGAAGUUCAGGCGGUACGGGCUUCC,0.5203592203286049,0.4440867006778717
AGCAGCACGACUUCUUCAA,GCGAUGGGGCUGGUGUACUUCGUCGUGCUGAAGAAGUUCAGGCGGUACGGGCUUCCG,0.5402592101234821,0.39323028922080994
GCAGCACGACUUCUUCAAG,CGAUGGGGCUGGUGUACUUCGUCGUGCUGAAGAAGUUCAGGCGGUACGGGCUUCCGA,0.647719155015818,0.3457329273223877
CAGCACGACUUCUUCAAGU,GAUGGGGCUGGUGUACUUCGUCGUGCUGAAGAAGUUCAGGCGGUACGGGCUUCCGAU,0.7938565159710176,0.44063907861709595
AGCACGACUUCUUCAAGUC,AUGGGGCUGGUGUACUUCGUCGUGCUGAAGAAGUUCAGGCGGUACGGGCUUCCGAUG,0.7804878048780489,0.5281181335449219
GCACGACUUCUUCAAGUCC,UGGGGCUGGUGUACUUCGUCGUGCUGAAGAAGUUCAGGCGGUACGGGCUUCCGAUGC,0.7982447188488622,0.4314238429069519
CACGACUUCUUCAAGUCCG,GGGGCUGGUGUACUUCGUCGUGCUGAAGAAGUUCAGGCGGUACGGGCUUCCGAUGCA,0.7731401163384021,0.4649553894996643
ACGACUUCUUCAAGUCCGC,GGGCUGGUGUACUUCGUCGUGCUGAAGAAGUUCAGGCGGUACGGGCUUCCGAUGCAG,0.5312787019083579,0.4857499301433563
CGACUUCUUCAAGUCCGCC,GGCUGGUGUACUUCGUCGUGCUGAAGAAGUUCAGGCGGUACGGGCUUCCGAUGCAGG,0.4491274619859169,0.4152255356311798
GACUUCUUCAAGUCCGCCA,GCUGGUGUACUUCGUCGUGCUGAAGAAGUUCAGGCGGUACGGGCUUCCGAUGCAGGU,0.5794468823349321,0.41627565026283264
ACUUCUUCAAGUCCGCCAU,CUGGUGUACUUCGUCGUGCUGAAGAAGUUCAGGCGGUACGGGCUUCCGAUGCAGGUC,0.6013878967241556,0.34250906109809875
CUUCUUCAAGUCCGCCAUG,UGGUGUACUUCGUCGUGCUGAAGAAGUUCAGGCGGUACGGGCUUCCGAUGCAGGUCC,0.5243392182875805,0.41111963987350464
UUCUUCAAGUCCGCCAUGC,GGUGUACUUCGUCGUGCUGAAGAAGUUCAGGCGGUACGGGCUUCCGAUGCAGGUCCU,0.3181957342585978,0.5630781650543213
UCUUCAAGUCCGCCAUGCC,GUGUACUUCGUCGUGCUGAAGAAGUUCAGGCGGUACGGGCUUCCGAUGCAGGUCCUC,0.4484131033778957,0.5295207500457764
CUUCAAGUCCGCCAUGCCC,UGUACUUCGUCGUGCUGAAGAAGUUCAGGCGGUACGGGCUUCCGAUGCAGGUCCUCG,0.5209715277069089,0.4090745747089386
UUCAAGUCCGCCAUGCCCG,GUACUUCGUCGUGCUGAAGAAGUUCAGGCGGUACGGGCUUCCGAUGCAGGUCCUCGC,0.3813654454536177,0.47424036264419556
UCAAGUCCGCCAUGCCCGA,UACUUCGUCGUGCUGAAGAAGUUCAGGCGGUACGGGCUUCCGAUGCAGGUCCUCGCG,0.4819879579548933,0.4676359295845032
CAAGUCCGCCAUGCCCGAA,ACUUCGUCGUGCUGAAGAAGUUCAGGCGGUACGGGCUUCCGAUGCAGGUCCUCGCGU,0.4980100010205123,0.29367122054100037
AAGUCCGCCAUGCCCGAAG,CUUCGUCGUGCUGAAGAAGUUCAGGCGGUACGGGCUUCCGAUGCAGGUCCUCGCGUG,0.4166751709358098,0.46673208475112915
AGUCCGCCAUGCCCGAAGG,UUCGUCGUGCUGAAGAAGUUCAGGCGGUACGGGCUUCCGAUGCAGGUCCUCGCGUGG,0.4804571895091336,0.438758909702301
GUCCGCCAUGCCCGAAGGC,UCGUCGUGCUGAAGAAGUUCAGGCGGUACGGGCUUCCGAUGCAGGUCCUCGCGUGGU,0.8837636493519747,0.426859974861145
UCCGCCAUGCCCGAAGGCU,CGUCGUGCUGAAGAAGUUCAGGCGGUACGGGCUUCCGAUGCAGGUCCUCGCGUGGUA,0.4703541177671191,0.4546380043029785
CCGCCAUGCCCGAAGGCUA,GUCGUGCUGAAGAAGUUCAGGCGGUACGGGCUUCCGAUGCAGGUCCUCGCGUGGUAG,0.6904786202673743,0.3533092141151428
CGCCAUGCCCGAAGGCUAC,UCGUGCUGAAGAAGUUCAGGCGGUACGGGCUUCCGAUGCAGGUCCUCGCGUGGUAGA,0.6319012144096336,0.4031335413455963
GCCAUGCCCGAAGGCUACG,CGUGCUGAAGAAGUUCAGGCGGUACGGGCUUCCGAUGCAGGUCCUCGCGUGGUAGAA,0.6898663128890703,0.4203034043312073
CCAUGCCCGAAGGCUACGU,GUGCUGAAGAAGUUCAGGCGGUACGGGCUUCCGAUGCAGGUCCUCGCGUGGUAGAAG,0.5698540667415043,0.4393352270126343
CAUGCCCGAAGGCUACGUC,UGCUGAAGAAGUUCAGGCGGUACGGGCUUCCGAUGCAGGUCCUCGCGUGGUAGAAGA,0.3809572405347484,0.44609472155570984
AUGCCCGAAGGCUACGUCC,GCUGAAGAAGUUCAGGCGGUACGGGCUUCCGAUGCAGGUCCUCGCGUGGUAGAAGAA,0.1800183692213491,0.5430652499198914
UGCCCGAAGGCUACGUCCA,CUGAAGAAGUUCAGGCGGUACGGGCUUCCGAUGCAGGUCCUCGCGUGGUAGAAGAAG,0.5410756199612206,0.41585975885391235
GCCCGAAGGCUACGUCCAG,UGAAGAAGUUCAGGCGGUACGGGCUUCCGAUGCAGGUCCUCGCGUGGUAGAAGAAGU,0.402285947545668,0.41136160492897034
CCCGAAGGCUACGUCCAGG,GAAGAAGUUCAGGCGGUACGGGCUUCCGAUGCAGGUCCUCGCGUGGUAGAAGAAGUU,0.4509643841208287,0.4248392581939697
CCGAAGGCUACGUCCAGGA,AAGAAGUUCAGGCGGUACGGGCUUCCGAUGCAGGUCCUCGCGUGGUAGAAGAAGUUC,0.3868762118583528,0.40324071049690247
CGAAGGCUACGUCCAGGAG,AGAAGUUCAGGCGGUACGGGCUUCCGAUGCAGGUCCUCGCGUGGUAGAAGAAGUUCC,0.4481069496887437,0.3887769281864166
GAAGGCUACGUCCAGGAGC,GAAGUUCAGGCGGUACGGGCUUCCGAUGCAGGUCCUCGCGUGGUAGAAGAAGUUCCU,0.3908562098173282,0.49298158288002014
AAGGCUACGUCCAGGAGCG,AAGUUCAGGCGGUACGGGCUUCCGAUGCAGGUCCUCGCGUGGUAGAAGAAGUUCCUG,0.5182161445045413,0.5923437476158142
AGGCUACGUCCAGGAGCGC,AGUUCAGGCGGUACGGGCUUCCGAUGCAGGUCCUCGCGUGGUAGAAGAAGUUCCUGC,0.4405551586896623,0.5806814432144165
GGCUACGUCCAGGAGCGCA,GUUCAGGCGGUACGGGCUUCCGAUGCAGGUCCUCGCGUGGUAGAAGAAGUUCCUGCU,0.7007857944688234,0.36279991269111633
GCUACGUCCAGGAGCGCAC,UUCAGGCGGUACGGGCUUCCGAUGCAGGUCCUCGCGUGGUAGAAGAAGUUCCUGCUG,0.5859781610368405,0.42331576347351074
CUACGUCCAGGAGCGCACC,UCAGGCGGUACGGGCUUCCGAUGCAGGUCCUCGCGUGGUAGAAGAAGUUCCUGCUGC,0.4614756607817124,0.4821874797344208
UACGUCCAGGAGCGCACCA,CAGGCGGUACGGGCUUCCGAUGCAGGUCCUCGCGUGGUAGAAGAAGUUCCUGCUGCC,0.3819777528319216,0.5388492941856384
ACGUCCAGGAGCGCACCAU,AGGCGGUACGGGCUUCCGAUGCAGGUCCUCGCGUGGUAGAAGAAGUUCCUGCUGCCG,0.6918052862536995,0.43160122632980347
CGUCCAGGAGCGCACCAUC,GGCGGUACGGGCUUCCGAUGCAGGUCCUCGCGUGGUAGAAGAAGUUCCUGCUGCCGU,0.5511786917032351,0.40403997898101807
GUCCAGGAGCGCACCAUCU,GCGGUACGGGCUUCCGAUGCAGGUCCUCGCGUGGUAGAAGAAGUUCCUGCUGCCGUU,0.8065108684559649,0.42391157150268555
UCCAGGAGCGCACCAUCUU,CGGUACGGGCUUCCGAUGCAGGUCCUCGCGUGGUAGAAGAAGUUCCUGCUGCCGUUG,0.6964996428206961,0.46479520201683044
CCAGGAGCGCACCAUCUUC,GGUACGGGCUUCCGAUGCAGGUCCUCGCGUGGUAGAAGAAGUUCCUGCUGCCGUUGA,0.5757730380651087,0.41038522124290466
CAGGAGCGCACCAUCUUCU,GUACGGGCUUCCGAUGCAGGUCCUCGCGUGGUAGAAGAAGUUCCUGCUGCCGUUGAU,0.5796509847943668,0.41713881492614746
AGGAGCGCACCAUCUUCUU,UACGGGCUUCCGAUGCAGGUCCUCGCGUGGUAGAAGAAGUUCCUGCUGCCGUUGAUG,0.9575466884375956,0.41365110874176025
GGAGCGCACCAUCUUCUUC,ACGGGCUUCCGAUGCAGGUCCUCGCGUGGUAGAAGAAGUUCCUGCUGCCGUUGAUGU,0.6211858352893153,0.4471719563007355
GAGCGCACCAUCUUCUUCA,CGGGCUUCCGAUGCAGGUCCUCGCGUGGUAGAAGAAGUUCCUGCUGCCGUUGAUGUU,0.7411980814368814,0.34403738379478455
AGCGCACCAUCUUCUUCAA,GGGCUUCCGAUGCAGGUCCUCGCGUGGUAGAAGAAGUUCCUGCUGCCGUUGAUGUUC,0.7633431982855393,0.3717014193534851
GCGCACCAUCUUCUUCAAG,GGCUUCCGAUGCAGGUCCUCGCGUGGUAGAAGAAGUUCCUGCUGCCGUUGAUGUUCU,0.5091335850597,0.36748796701431274
CGCACCAUCUUCUUCAAGG,GCUUCCGAUGCAGGUCCUCGCGUGGUAGAAGAAGUUCCUGCUGCCGUUGAUGUUCUG,0.719869374425962,0.4301360249519348
GCACCAUCUUCUUCAAGGA,CUUCCGAUGCAGGUCCUCGCGUGGUAGAAGAAGUUCCUGCUGCCGUUGAUGUUCUGG,0.8079395856720074,0.3369867503643036
CACCAUCUUCUUCAAGGAC,UUCCGAUGCAGGUCCUCGCGUGGUAGAAGAAGUUCCUGCUGCCGUUGAUGUUCUGGG,0.5824063679967344,0.4639854431152344
ACCAUCUUCUUCAAGGACG,UCCGAUGCAGGUCCUCGCGUGGUAGAAGAAGUUCCUGCUGCCGUUGAUGUUCUGGGC,0.6166955811817533,0.5365718603134155
CCAUCUUCUUCAAGGACGA,CCGAUGCAGGUCCUCGCGUGGUAGAAGAAGUUCCUGCUGCCGUUGAUGUUCUGGGCG,0.844065720991938,0.42273223400115967
CAUCUUCUUCAAGGACGAC,CGAUGCAGGUCCUCGCGUGGUAGAAGAAGUUCCUGCUGCCGUUGAUGUUCUGGGCGC,0.4101438922339014,0.42484933137893677
AUCUUCUUCAAGGACGACG,GAUGCAGGUCCUCGCGUGGUAGAAGAAGUUCCUGCUGCCGUUGAUGUUCUGGGCGCG,0.3844269823451373,0.6621307134628296
UCUUCUUCAAGGACGACGG,AUGCAGGUCCUCGCGUGGUAGAAGAAGUUCCUGCUGCCGUUGAUGUUCUGGGCGCGG,0.2980916420042862,0.5544224977493286
CUUCUUCAAGGACGACGGC,UGCAGGUCCUCGCGUGGUAGAAGAAGUUCCUGCUGCCGUUGAUGUUCUGGGCGCGGC,0.3205429125420961,0.5001091361045837
UUCUUCAAGGACGACGGCA,GCAGGUCCUCGCGUGGUAGAAGAAGUUCCUGCUGCCGUUGAUGUUCUGGGCGCGGCU,0.4563730992958465,0.4270972013473511
UCUUCAAGGACGACGGCAA,CAGGUCCUCGCGUGGUAGAAGAAGUUCCUGCUGCCGUUGAUGUUCUGGGCGCGGCUC,0.7050719461169508,0.37889042496681213
CUUCAAGGACGACGGCAAC,AGGUCCUCGCGUGGUAGAAGAAGUUCCUGCUGCCGUUGAUGUUCUGGGCGCGGCUCC,0.5864884171854271,0.32122865319252014
UUCAAGGACGACGGCAACU,GGUCCUCGCGUGGUAGAAGAAGUUCCUGCUGCCGUUGAUGUUCUGGGCGCGGCUCCA,0.5506684355546485,0.5828473567962646
UCAAGGACGACGGCAACUA,GUCCUCGCGUGGUAGAAGAAGUUCCUGCUGCCGUUGAUGUUCUGGGCGCGGCUCCAC,0.7361975711807328,0.48139211535453796
CAAGGACGACGGCAACUAC,UCCUCGCGUGGUAGAAGAAGUUCCUGCUGCCGUUGAUGUUCUGGGCGCGGCUCCACU,0.4803551382794163,0.5215298533439636
AAGGACGACGGCAACUACA,CCUCGCGUGGUAGAAGAAGUUCCUGCUGCCGUUGAUGUUCUGGGCGCGGCUCCACUU,0.6470047964077967,0.46957099437713623
AGGACGACGGCAACUACAA,CUCGCGUGGUAGAAGAAGUUCCUGCUGCCGUUGAUGUUCUGGGCGCGGCUCCACUUC,0.6380242881926728,0.44183430075645447
GGACGACGGCAACUACAAG,UCGCGUGGUAGAAGAAGUUCCUGCUGCCGUUGAUGUUCUGGGCGCGGCUCCACUUCA,0.5432186957852843,0.42755791544914246
GACGACGGCAACUACAAGA,CGCGUGGUAGAAGAAGUUCCUGCUGCCGUUGAUGUUCUGGGCGCGGCUCCACUUCAA,0.5903663639146852,0.3923366069793701
ACGACGGCAACUACAAGAC,GCGUGGUAGAAGAAGUUCCUGCUGCCGUUGAUGUUCUGGGCGCGGCUCCACUUCAAG,0.457495662822737,0.465572327375412
CGACGGCAACUACAAGACC,CGUGGUAGAAGAAGUUCCUGCUGCCGUUGAUGUUCUGGGCGCGGCUCCACUUCAAGC,0.8210021430758242,0.4778910279273987
GACGGCAACUACAAGACCC,GUGGUAGAAGAAGUUCCUGCUGCCGUUGAUGUUCUGGGCGCGGCUCCACUUCAAGCU,0.7146647617103786,0.5180563926696777
ACGGCAACUACAAGACCCG,UGGUAGAAGAAGUUCCUGCUGCCGUUGAUGUUCUGGGCGCGGCUCCACUUCAAGCUC,0.7075211756301664,0.5035391449928284
CGGCAACUACAAGACCCGC,GGUAGAAGAAGUUCCUGCUGCCGUUGAUGUUCUGGGCGCGGCUCCACUUCAAGCUCC,0.5061740993978978,0.4339137375354767
GGCAACUACAAGACCCGCG,GUAGAAGAAGUUCCUGCUGCCGUUGAUGUUCUGGGCGCGGCUCCACUUCAAGCUCCC,0.5168894785182162,0.4517197012901306
GCAACUACAAGACCCGCGC,UAGAAGAAGUUCCUGCUGCCGUUGAUGUUCUGGGCGCGGCUCCACUUCAAGCUCCCG,0.4882130829676498,0.4593011736869812
CAACUACAAGACCCGCGCC,AGAAGAAGUUCCUGCUGCCGUUGAUGUUCUGGGCGCGGCUCCACUUCAAGCUCCCGC,0.5450556179201961,0.49712732434272766
AACUACAAGACCCGCGCCG,GAAGAAGUUCCUGCUGCCGUUGAUGUUCUGGGCGCGGCUCCACUUCAAGCUCCCGCU,0.3529952035922033,0.5357698202133179
ACUACAAGACCCGCGCCGA,AAGAAGUUCCUGCUGCCGUUGAUGUUCUGGGCGCGGCUCCACUUCAAGCUCCCGCUG,0.5514848453923871,0.408484548330307
CUACAAGACCCGCGCCGAG,AGAAGUUCCUGCUGCCGUUGAUGUUCUGGGCGCGGCUCCACUUCAAGCUCCCGCUGU,0.7633431982855393,0.4580112397670746
UACAAGACCCGCGCCGAGG,GAAGUUCCUGCUGCCGUUGAUGUUCUGGGCGCGGCUCCACUUCAAGCUCCCGCUGUG,0.5325033166649659,0.5586503744125366
ACAAGACCCGCGCCGAGGU,AAGUUCCUGCUGCCGUUGAUGUUCUGGGCGCGGCUCCACUUCAAGCUCCCGCUGUGG,0.6010817430350036,0.4372059404850006
CAAGACCCGCGCCGAGGUG,AGUUCCUGCUGCCGUUGAUGUUCUGGGCGCGGCUCCACUUCAAGCUCCCGCUGUGGG,0.4579038677416063,0.43430784344673157
AAGACCCGCGCCGAGGUGA,GUUCCUGCUGCCGUUGAUGUUCUGGGCGCGGCUCCACUUCAAGCUCCCGCUGUGGGA,0.4854576997652822,0.4223668575286865
AGACCCGCGCCGAGGUGAA,UUCCUGCUGCCGUUGAUGUUCUGGGCGCGGCUCCACUUCAAGCUCCCGCUGUGGGAC,0.8094703541177671,0.4515525698661804
GACCCGCGCCGAGGUGAAG,UCCUGCUGCCGUUGAUGUUCUGGGCGCGGCUCCACUUCAAGCUCCCGCUGUGGGACC,0.7334421879783652,0.43447038531303406
ACCCGCGCCGAGGUGAAGU,CCUGCUGCCGUUGAUGUUCUGGGCGCGGCUCCACUUCAAGCUCCCGCUGUGGGACCA,0.5862843147259925,0.4458196461200714
CCCGCGCCGAGGUGAAGUU,CUGCUGCCGUUGAUGUUCUGGGCGCGGCUCCACUUCAAGCUCCCGCUGUGGGACCAC,0.5607715072966629,0.3094401955604553
CCGCGCCGAGGUGAAGUUC,UGCUGCCGUUGAUGUUCUGGGCGCGGCUCCACUUCAAGCUCCCGCUGUGGGACCACU,0.2870701091948158,0.4002721309661865
CGCGCCGAGGUGAAGUUCG,GCUGCCGUUGAUGUUCUGGGCGCGGCUCCACUUCAAGCUCCCGCUGUGGGACCACUU,0.7817124196346565,0.3725060522556305
GCGCCGAGGUGAAGUUCGA,CUGCCGUUGAUGUUCUGGGCGCGGCUCCACUUCAAGCUCCCGCUGUGGGACCACUUG,0.8923359526482294,0.39587706327438354
CGCCGAGGUGAAGUUCGAG,UGCCGUUGAUGUUCUGGGCGCGGCUCCACUUCAAGCUCCCGCUGUGGGACCACUUGG,0.6796611899173385,0.3895425498485565
GCCGAGGUGAAGUUCGAGG,GCCGUUGAUGUUCUGGGCGCGGCUCCACUUCAAGCUCCCGCUGUGGGACCACUUGGC,0.4832125727115012,0.45626723766326904
CCGAGGUGAAGUUCGAGGG,CCGUUGAUGUUCUGGGCGCGGCUCCACUUCAAGCUCCCGCUGUGGGACCACUUGGCG,0.6644555566894581,0.38832083344459534
CGAGGUGAAGUUCGAGGGC,CGUUGAUGUUCUGGGCGCGGCUCCACUUCAAGCUCCCGCUGUGGGACCACUUGGCGU,0.4093274823961629,0.40842345356941223
GAGGUGAAGUUCGAGGGCG,GUUGAUGUUCUGGGCGCGGCUCCACUUCAAGCUCCCGCUGUGGGACCACUUGGCGUA,0.5933258495764875,0.41377803683280945
AGGUGAAGUUCGAGGGCGA,UUGAUGUUCUGGGCGCGGCUCCACUUCAAGCUCCCGCUGUGGGACCACUUGGCGUAG,0.7760996020002041,0.4586430788040161
GGUGAAGUUCGAGGGCGAC,UGAUGUUCUGGGCGCGGCUCCACUUCAAGCUCCCGCUGUGGGACCACUUGGCGUAGC,0.6953770792938055,0.40123724937438965
GUGAAGUUCGAGGGCGACA,GAUGUUCUGGGCGCGGCUCCACUUCAAGCUCCCGCUGUGGGACCACUUGGCGUAGCU,0.7037452801306255,0.4691002666950226
UGAAGUUCGAGGGCGACAC,AUGUUCUGGGCGCGGCUCCACUUCAAGCUCCCGCUGUGGGACCACUUGGCGUAGCUC,0.678538626390448,0.5037598609924316
GAAGUUCGAGGGCGACACC,UGUUCUGGGCGCGGCUCCACUUCAAGCUCCCGCUGUGGGACCACUUGGCGUAGCUCG,0.529033574854577,0.49534446001052856
AAGUUCGAGGGCGACACCC,GUUCUGGGCGCGGCUCCACUUCAAGCUCCCGCUGUGGGACCACUUGGCGUAGCUCGA,0.3936115930196959,0.48229533433914185
AGUUCGAGGGCGACACCCU,UUCUGGGCGCGGCUCCACUUCAAGCUCCCGCUGUGGGACCACUUGGCGUAGCUCGAC,0.5480151035819982,0.446267694234848
GUUCGAGGGCGACACCCUG,UCUGGGCGCGGCUCCACUUCAAGCUCCCGCUGUGGGACCACUUGGCGUAGCUCGACU,0.6020002041024595,0.43417468667030334
UUCGAGGGCGACACCCUGG,CUGGGCGCGGCUCCACUUCAAGCUCCCGCUGUGGGACCACUUGGCGUAGCUCGACUU,0.2749260128584549,0.540249764919281
UCGAGGGCGACACCCUGGU,UGGGCGCGGCUCCACUUCAAGCUCCCGCUGUGGGACCACUUGGCGUAGCUCGACUUC,0.3327890601081743,0.46584200859069824
CGAGGGCGACACCCUGGUG,GGGCGCGGCUCCACUUCAAGCUCCCGCUGUGGGACCACUUGGCGUAGCUCGACUUCC,0.2580875599550974,0.41727474331855774
GAGGGCGACACCCUGGUGA,GGCGCGGCUCCACUUCAAGCUCCCGCUGUGGGACCACUUGGCGUAGCUCGACUUCCC,0.4008572303296255,0.45144981145858765
AGGGCGACACCCUGGUGAA,GCGCGGCUCCACUUCAAGCUCCCGCUGUGGGACCACUUGGCGUAGCUCGACUUCCCG,0.5670986835391367,0.44807112216949463
GGGCGACACCCUGGUGAAC,CGCGGCUCCACUUCAAGCUCCCGCUGUGGGACCACUUGGCGUAGCUCGACUUCCCGU,0.4520869476477192,0.43722087144851685
GGCGACACCCUGGUGAACC,GCGGCUCCACUUCAAGCUCCCGCUGUGGGACCACUUGGCGUAGCUCGACUUCCCGUA,0.6327176242473722,0.49350327253341675
GCGACACCCUGGUGAACCG,CGGCUCCACUUCAAGCUCCCGCUGUGGGACCACUUGGCGUAGCUCGACUUCCCGUAG,0.8261047045616899,0.43238505721092224
CGACACCCUGGUGAACCGC,GGCUCCACUUCAAGCUCCCGCUGUGGGACCACUUGGCGUAGCUCGACUUCCCGUAGC,0.3922849270333707,0.4419807195663452
GACACCCUGGUGAACCGCA,GCUCCACUUCAAGCUCCCGCUGUGGGACCACUUGGCGUAGCUCGACUUCCCGUAGCU,0.5240330645984285,0.43475469946861267
ACACCCUGGUGAACCGCAU,CUCCACUUCAAGCUCCCGCUGUGGGACCACUUGGCGUAGCUCGACUUCCCGUAGCUG,0.7718134503520767,0.511743426322937
CACCCUGGUGAACCGCAUC,UCCACUUCAAGCUCCCGCUGUGGGACCACUUGGCGUAGCUCGACUUCCCGUAGCUGA,0.6735381161342995,0.42545029520988464
ACCCUGGUGAACCGCAUCG,CCACUUCAAGCUCCCGCUGUGGGACCACUUGGCGUAGCUCGACUUCCCGUAGCUGAA,0.5185222981936933,0.49567946791648865
CCCUGGUGAACCGCAUCGA,CACUUCAAGCUCCCGCUGUGGGACCACUUGGCGUAGCUCGACUUCCCGUAGCUGAAG,0.8455964894376978,0.2957751452922821
CCUGGUGAACCGCAUCGAG,ACUUCAAGCUCCCGCUGUGGGACCACUUGGCGUAGCUCGACUUCCCGUAGCUGAAGU,0.654454536177161,0.44595298171043396
CUGGUGAACCGCAUCGAGC,CUUCAAGCUCCCGCUGUGGGACCACUUGGCGUAGCUCGACUUCCCGUAGCUGAAGUU,0.5676089396877233,0.49368733167648315
UGGUGAACCGCAUCGAGCU,UUCAAGCUCCCGCUGUGGGACCACUUGGCGUAGCUCGACUUCCCGUAGCUGAAGUUC,0.6294519848964181,0.5748116970062256
GGUGAACCGCAUCGAGCUG,UCAAGCUCCCGCUGUGGGACCACUUGGCGUAGCUCGACUUCCCGUAGCUGAAGUUCC,0.5892438003877948,0.4064722955226898
GUGAACCGCAUCGAGCUGA,CAAGCUCCCGCUGUGGGACCACUUGGCGUAGCUCGACUUCCCGUAGCUGAAGUUCCU,0.7271150117358914,0.42165815830230713
UGAACCGCAUCGAGCUGAA,AAGCUCCCGCUGUGGGACCACUUGGCGUAGCUCGACUUCCCGUAGCUGAAGUUCCUC,0.7924277987549752,0.4298951327800751
GAACCGCAUCGAGCUGAAG,AGCUCCCGCUGUGGGACCACUUGGCGUAGCUCGACUUCCCGUAGCUGAAGUUCCUCC,0.7083375854679049,0.4655894637107849
AACCGCAUCGAGCUGAAGG,GCUCCCGCUGUGGGACCACUUGGCGUAGCUCGACUUCCCGUAGCUGAAGUUCCUCCU,0.5359730584753547,0.5103248357772827
ACCGCAUCGAGCUGAAGGG,CUCCCGCUGUGGGACCACUUGGCGUAGCUCGACUUCCCGUAGCUGAAGUUCCUCCUG,0.7152770690886826,0.5056447982788086
CCGCAUCGAGCUGAAGGGC,UCCCGCUGUGGGACCACUUGGCGUAGCUCGACUUCCCGUAGCUGAAGUUCCUCCUGC,0.3827941626696601,0.41493189334869385
CGCAUCGAGCUGAAGGGCA,CCCGCUGUGGGACCACUUGGCGUAGCUCGACUUCCCGUAGCUGAAGUUCCUCCUGCC,0.8256964996428208,0.3866560459136963
GCAUCGAGCUGAAGGGCAU,CCGCUGUGGGACCACUUGGCGUAGCUCGACUUCCCGUAGCUGAAGUUCCUCCUGCCG,0.853658536585366,0.3892902433872223
CAUCGAGCUGAAGGGCAUC,CGCUGUGGGACCACUUGGCGUAGCUCGACUUCCCGUAGCUGAAGUUCCUCCUGCCGU,0.7416062863557507,0.5097190141677856
AUCGAGCUGAAGGGCAUCG,GCUGUGGGACCACUUGGCGUAGCUCGACUUCCCGUAGCUGAAGUUCCUCCUGCCGUU,0.4765792427798755,0.5697866678237915
UCGAGCUGAAGGGCAUCGA,CUGUGGGACCACUUGGCGUAGCUCGACUUCCCGUAGCUGAAGUUCCUCCUGCCGUUG,0.5308704969894887,0.5396448969841003
CGAGCUGAAGGGCAUCGAC,UGUGGGACCACUUGGCGUAGCUCGACUUCCCGUAGCUGAAGUUCCUCCUGCCGUUGU,0.6687417083375855,0.415214478969574
GAGCUGAAGGGCAUCGACU,GUGGGACCACUUGGCGUAGCUCGACUUCCCGUAGCUGAAGUUCCUCCUGCCGUUGUA,0.6174099397897745,0.483466237783432
AGCUGAAGGGCAUCGACUU,UGGGACCACUUGGCGUAGCUCGACUUCCCGUAGCUGAAGUUCCUCCUGCCGUUGUAG,0.8165118889682622,0.4680294096469879
GCUGAAGGGCAUCGACUUC,GGGACCACUUGGCGUAGCUCGACUUCCCGUAGCUGAAGUUCCUCCUGCCGUUGUAGG,0.6791509337687519,0.3861212134361267
CUGAAGGGCAUCGACUUCA,GGACCACUUGGCGUAGCUCGACUUCCCGUAGCUGAAGUUCCUCCUGCCGUUGUAGGA,0.7588529441779774,0.3615172803401947
UGAAGGGCAUCGACUUCAA,GACCACUUGGCGUAGCUCGACUUCCCGUAGCUGAAGUUCCUCCUGCCGUUGUAGGAC,0.6535360751097051,0.4265575408935547
GAAGGGCAUCGACUUCAAG,ACCACUUGGCGUAGCUCGACUUCCCGUAGCUGAAGUUCCUCCUGCCGUUGUAGGACC,0.6068986631288907,0.44655996561050415
AAGGGCAUCGACUUCAAGG,CCACUUGGCGUAGCUCGACUUCCCGUAGCUGAAGUUCCUCCUGCCGUUGUAGGACCC,0.4406572099193795,0.5940592288970947
AGGGCAUCGACUUCAAGGA,CACUUGGCGUAGCUCGACUUCCCGUAGCUGAAGUUCCUCCUGCCGUUGUAGGACCCC,0.8158995815899582,0.49969956278800964
GGGCAUCGACUUCAAGGAG,ACUUGGCGUAGCUCGACUUCCCGUAGCUGAAGUUCCUCCUGCCGUUGUAGGACCCCG,0.5942443106439432,0.419717401266098
GGCAUCGACUUCAAGGAGG,CUUGGCGUAGCUCGACUUCCCGUAGCUGAAGUUCCUCCUGCCGUUGUAGGACCCCGU,0.8471272578834577,0.5125112533569336
GCAUCGACUUCAAGGAGGA,UUGGCGUAGCUCGACUUCCCGUAGCUGAAGUUCCUCCUGCCGUUGUAGGACCCCGUG,0.9378508011021534,0.336683452129364
CAUCGACUUCAAGGAGGAC,UGGCGUAGCUCGACUUCCCGUAGCUGAAGUUCCUCCUGCCGUUGUAGGACCCCGUGU,0.5279110113276865,0.5314275026321411
AUCGACUUCAAGGAGGACG,GGCGUAGCUCGACUUCCCGUAGCUGAAGUUCCUCCUGCCGUUGUAGGACCCCGUGUU,0.1996122053270742,0.6651769876480103
UCGACUUCAAGGAGGACGG,GCGUAGCUCGACUUCCCGUAGCUGAAGUUCCUCCUGCCGUUGUAGGACCCCGUGUUC,0.451066435350546,0.7000462412834167
CGACUUCAAGGAGGACGGC,CGUAGCUCGACUUCCCGUAGCUGAAGUUCCUCCUGCCGUUGUAGGACCCCGUGUUCG,0.4303500357179304,0.48853081464767456
GACUUCAAGGAGGACGGCA,GUAGCUCGACUUCCCGUAGCUGAAGUUCCUCCUGCCGUUGUAGGACCCCGUGUUCGA,0.5478110011225635,0.46545910835266113
ACUUCAAGGAGGACGGCAA,UAGCUCGACUUCCCGUAGCUGAAGUUCCUCCUGCCGUUGUAGGACCCCGUGUUCGAC,0.8853964690274521,0.33162111043930054
CUUCAAGGAGGACGGCAAC,AGCUCGACUUCCCGUAGCUGAAGUUCCUCCUGCCGUUGUAGGACCCCGUGUUCGACC,0.6413919787733443,0.4671393036842346
UUCAAGGAGGACGGCAACA,GCUCGACUUCCCGUAGCUGAAGUUCCUCCUGCCGUUGUAGGACCCCGUGUUCGACCU,0.6959893866721095,0.6137804985046387
UCAAGGAGGACGGCAACAU,CUCGACUUCCCGUAGCUGAAGUUCCUCCUGCCGUUGUAGGACCCCGUGUUCGACCUC,0.9260128584549444,0.6007437705993652
CAAGGAGGACGGCAACAUC,UCGACUUCCCGUAGCUGAAGUUCCUCCUGCCGUUGUAGGACCCCGUGUUCGACCUCA,0.7293601387896724,0.5239654183387756
AAGGAGGACGGCAACAUCC,CGACUUCCCGUAGCUGAAGUUCCUCCUGCCGUUGUAGGACCCCGUGUUCGACCUCAU,0.3161547096642514,0.6649481058120728
AGGAGGACGGCAACAUCCU,GACUUCCCGUAGCUGAAGUUCCUCCUGCCGUUGUAGGACCCCGUGUUCGACCUCAUG,0.6997652821716501,0.5829845666885376
GGAGGACGGCAACAUCCUG,ACUUCCCGUAGCUGAAGUUCCUCCUGCCGUUGUAGGACCCCGUGUUCGACCUCAUGU,0.4155526074089193,0.6000771522521973
GAGGACGGCAACAUCCUGG,CUUCCCGUAGCUGAAGUUCCUCCUGCCGUUGUAGGACCCCGUGUUCGACCUCAUGUU,0.1554240228594754,0.6059452891349792
AGGACGGCAACAUCCUGGG,UUCCCGUAGCUGAAGUUCCUCCUGCCGUUGUAGGACCCCGUGUUCGACCUCAUGUUG,0.8226349627513012,0.6606429815292358
GGACGGCAACAUCCUGGGG,UCCCGUAGCUGAAGUUCCUCCUGCCGUUGUAGGACCCCGUGUUCGACCUCAUGUUGA,0.8333503418716196,0.5471864938735962
GACGGCAACAUCCUGGGGC,CCCGUAGCUGAAGUUCCUCCUGCCGUUGUAGGACCCCGUGUUCGACCUCAUGUUGAU,0.2881926727217063,0.5871514081954956
ACGGCAACAUCCUGGGGCA,CCGUAGCUGAAGUUCCUCCUGCCGUUGUAGGACCCCGUGUUCGACCUCAUGUUGAUG,0.8588631493009491,0.5172411799430847
CGGCAACAUCCUGGGGCAC,CGUAGCUGAAGUUCCUCCUGCCGUUGUAGGACCCCGUGUUCGACCUCAUGUUGAUGU,0.5648535564853557,0.4757811427116394
GGCAACAUCCUGGGGCACA,GUAGCUGAAGUUCCUCCUGCCGUUGUAGGACCCCGUGUUCGACCUCAUGUUGAUGUU,0.6998673334013675,0.476419061422348
GCAACAUCCUGGGGCACAA,UAGCUGAAGUUCCUCCUGCCGUUGUAGGACCCCGUGUUCGACCUCAUGUUGAUGUUG,0.8616185325033168,0.4183727204799652
CAACAUCCUGGGGCACAAG,AGCUGAAGUUCCUCCUGCCGUUGUAGGACCCCGUGUUCGACCUCAUGUUGAUGUUGU,0.7854883151341974,0.5767121911048889
AACAUCCUGGGGCACAAGC,GCUGAAGUUCCUCCUGCCGUUGUAGGACCCCGUGUUCGACCUCAUGUUGAUGUUGUC,0.4027962036942545,0.64280766248703
ACAUCCUGGGGCACAAGCU,CUGAAGUUCCUCCUGCCGUUGUAGGACCCCGUGUUCGACCUCAUGUUGAUGUUGUCG,0.5664863761608327,0.6422810554504395
CAUCCUGGGGCACAAGCUG,UGAAGUUCCUCCUGCCGUUGUAGGACCCCGUGUUCGACCUCAUGUUGAUGUUGUCGG,0.4604551484845392,0.5364602208137512
AUCCUGGGGCACAAGCUGG,GAAGUUCCUCCUGCCGUUGUAGGACCCCGUGUUCGACCUCAUGUUGAUGUUGUCGGU,0.3357485457699765,0.6152181029319763
UCCUGGGGCACAAGCUGGA,AAGUUCCUCCUGCCGUUGUAGGACCCCGUGUUCGACCUCAUGUUGAUGUUGUCGGUG,0.6596591488927442,0.5971137285232544
CCUGGGGCACAAGCUGGAG,AGUUCCUCCUGCCGUUGUAGGACCCCGUGUUCGACCUCAUGUUGAUGUUGUCGGUGU,0.2725788345749566,0.5527114272117615
CUGGGGCACAAGCUGGAGU,GUUCCUCCUGCCGUUGUAGGACCCCGUGUUCGACCUCAUGUUGAUGUUGUCGGUGUU,0.9273395244412695,0.552107572555542
UGGGGCACAAGCUGGAGUA,UUCCUCCUGCCGUUGUAGGACCCCGUGUUCGACCUCAUGUUGAUGUUGUCGGUGUUG,0.6622104296356771,0.5874013900756836
GGGGCACAAGCUGGAGUAC,UCCUCCUGCCGUUGUAGGACCCCGUGUUCGACCUCAUGUUGAUGUUGUCGGUGUUGC,0.5184202469639759,0.5057340860366821
GGGCACAAGCUGGAGUACA,CCUCCUGCCGUUGUAGGACCCCGUGUUCGACCUCAUGUUGAUGUUGUCGGUGUUGCA,0.906623124808654,0.505937397480011
GGCACAAGCUGGAGUACAA,CUCCUGCCGUUGUAGGACCCCGUGUUCGACCUCAUGUUGAUGUUGUCGGUGUUGCAG,0.9179508113072764,0.4043954312801361
GCACAAGCUGGAGUACAAC,UCCUGCCGUUGUAGGACCCCGUGUUCGACCUCAUGUUGAUGUUGUCGGUGUUGCAGA,0.8767221145014797,0.4910004734992981
CACAAGCUGGAGUACAACU,CCUGCCGUUGUAGGACCCCGUGUUCGACCUCAUGUUGAUGUUGUCGGUGUUGCAGAU,0.7497703847331361,0.5147155523300171
ACAAGCUGGAGUACAACUA,CUGCCGUUGUAGGACCCCGUGUUCGACCUCAUGUUGAUGUUGUCGGUGUUGCAGAUA,0.7925298499846923,0.5500456094741821
CAAGCUGGAGUACAACUAC,UGCCGUUGUAGGACCCCGUGUUCGACCUCAUGUUGAUGUUGUCGGUGUUGCAGAUAU,0.7919175426063884,0.5550045371055603
AAGCUGGAGUACAACUACA,GCCGUUGUAGGACCCCGUGUUCGACCUCAUGUUGAUGUUGUCGGUGUUGCAGAUAUA,0.7569139708133483,0.6165435910224915
AGCUGGAGUACAACUACAA,CCGUUGUAGGACCCCGUGUUCGACCUCAUGUUGAUGUUGUCGGUGUUGCAGAUAUAG,0.8326359832635984,0.43259239196777344
GCUGGAGUACAACUACAAC,CGUUGUAGGACCCCGUGUUCGACCUCAUGUUGAUGUUGUCGGUGUUGCAGAUAUAGU,0.7142565567915093,0.47632309794425964
CUGGAGUACAACUACAACA,GUUGUAGGACCCCGUGUUCGACCUCAUGUUGAUGUUGUCGGUGUUGCAGAUAUAGUA,0.7785488315134198,0.5685155987739563
UGGAGUACAACUACAACAG,UUGUAGGACCCCGUGUUCGACCUCAUGUUGAUGUUGUCGGUGUUGCAGAUAUAGUAC,0.5741402183896316,0.6966331601142883
GGAGUACAACUACAACAGC,UGUAGGACCCCGUGUUCGACCUCAUGUUGAUGUUGUCGGUGUUGCAGAUAUAGUACC,0.7553832023675885,0.5516942143440247
GAGUACAACUACAACAGCC,GUAGGACCCCGUGUUCGACCUCAUGUUGAUGUUGUCGGUGUUGCAGAUAUAGUACCG,0.8707010919481579,0.5950700044631958
AGUACAACUACAACAGCCA,UAGGACCCCGUGUUCGACCUCAUGUUGAUGUUGUCGGUGUUGCAGAUAUAGUACCGG,0.8282477803857536,0.5272055268287659
GUACAACUACAACAGCCAC,AGGACCCCGUGUUCGACCUCAUGUUGAUGUUGUCGGUGUUGCAGAUAUAGUACCGGC,0.7737524237167057,0.5475752353668213
UACAACUACAACAGCCACA,GGACCCCGUGUUCGACCUCAUGUUGAUGUUGUCGGUGUUGCAGAUAUAGUACCGGCU,0.7063986121032759,0.6226228475570679
ACAACUACAACAGCCACAA,GACCCCGUGUUCGACCUCAUGUUGAUGUUGUCGGUGUUGCAGAUAUAGUACCGGCUG,0.7143586080212267,0.4447322189807892
CAACUACAACAGCCACAAC,ACCCCGUGUUCGACCUCAUGUUGAUGUUGUCGGUGUUGCAGAUAUAGUACCGGCUGU,0.6956832329829575,0.5145954489707947
AACUACAACAGCCACAACG,CCCCGUGUUCGACCUCAUGUUGAUGUUGUCGGUGUUGCAGAUAUAGUACCGGCUGUU,0.6992550260230636,0.5865835547447205
ACUACAACAGCCACAACGU,CCCGUGUUCGACCUCAUGUUGAUGUUGUCGGUGUUGCAGAUAUAGUACCGGCUGUUC,0.9324420859271356,0.4929472506046295
CUACAACAGCCACAACGUC,CCGUGUUCGACCUCAUGUUGAUGUUGUCGGUGUUGCAGAUAUAGUACCGGCUGUUCG,0.8728441677722217,0.5401694774627686
UACAACAGCCACAACGUCU,CGUGUUCGACCUCAUGUUGAUGUUGUCGGUGUUGCAGAUAUAGUACCGGCUGUUCGU,0.8093683028880498,0.6191100478172302
ACAACAGCCACAACGUCUA,GUGUUCGACCUCAUGUUGAUGUUGUCGGUGUUGCAGAUAUAGUACCGGCUGUUCGUC,0.9379528523318706,0.42412224411964417
CAACAGCCACAACGUCUAU,UGUUCGACCUCAUGUUGAUGUUGUCGGUGUUGCAGAUAUAGUACCGGCUGUUCGUCU,0.7993672823757527,0.4141748249530792
AACAGCCACAACGUCUAUA,GUUCGACCUCAUGUUGAUGUUGUCGGUGUUGCAGAUAUAGUACCGGCUGUUCGUCUU,0.74619859169303,0.4275645911693573
ACAGCCACAACGUCUAUAU,UUCGACCUCAUGUUGAUGUUGUCGGUGUUGCAGAUAUAGUACCGGCUGUUCGUCUUC,0.7586488417185427,0.4661239683628082
CAGCCACAACGUCUAUAUC,UCGACCUCAUGUUGAUGUUGUCGGUGUUGCAGAUAUAGUACCGGCUGUUCGUCUUCU,0.734666802734973,0.5247345566749573
AGCCACAACGUCUAUAUCA,CGACCUCAUGUUGAUGUUGUCGGUGUUGCAGAUAUAGUACCGGCUGUUCGUCUUCUU,0.7742626798652925,0.4867241084575653
GCCACAACGUCUAUAUCAU,GACCUCAUGUUGAUGUUGUCGGUGUUGCAGAUAUAGUACCGGCUGUUCGUCUUCUUG,0.9866312889070314,0.34442460536956787
CCACAACGUCUAUAUCAUG,ACCUCAUGUUGAUGUUGUCGGUGUUGCAGAUAUAGUACCGGCUGUUCGUCUUCUUGC,0.8974385141340954,0.43494006991386414
CACAACGUCUAUAUCAUGG,CCUCAUGUUGAUGUUGUCGGUGUUGCAGAUAUAGUACCGGCUGUUCGUCUUCUUGCC,0.6591488927441577,0.47205647826194763
ACAACGUCUAUAUCAUGGC,CUCAUGUUGAUGUUGUCGGUGUUGCAGAUAUAGUACCGGCUGUUCGUCUUCUUGCCG,0.2804367792631901,0.5762525796890259
CAACGUCUAUAUCAUGGCC,UCAUGUUGAUGUUGUCGGUGUUGCAGAUAUAGUACCGGCUGUUCGUCUUCUUGCCGU,0.5409735687315033,0.5381606221199036
AACGUCUAUAUCAUGGCCG,CAUGUUGAUGUUGUCGGUGUUGCAGAUAUAGUACCGGCUGUUCGUCUUCUUGCCGUA,0.3428921318501888,0.6322672367095947
ACGUCUAUAUCAUGGCCGA,AUGUUGAUGUUGUCGGUGUUGCAGAUAUAGUACCGGCUGUUCGUCUUCUUGCCGUAG,0.7010919481579754,0.43553489446640015
CGUCUAUAUCAUGGCCGAC,UGUUGAUGUUGUCGGUGUUGCAGAUAUAGUACCGGCUGUUCGUCUUCUUGCCGUAGU,0.566894581079702,0.37547510862350464
GUCUAUAUCAUGGCCGACA,GUUGAUGUUGUCGGUGUUGCAGAUAUAGUACCGGCUGUUCGUCUUCUUGCCGUAGUU,0.4464741300132667,0.3904246985912323
UCUAUAUCAUGGCCGACAA,UUGAUGUUGUCGGUGUUGCAGAUAUAGUACCGGCUGUUCGUCUUCUUGCCGUAGUUC,0.7112970711297072,0.4160797595977783
CUAUAUCAUGGCCGACAAG,UGAUGUUGUCGGUGUUGCAGAUAUAGUACCGGCUGUUCGUCUUCUUGCCGUAGUUCC,0.6174099397897745,0.45151448249816895
UAUAUCAUGGCCGACAAGC,GAUGUUGUCGGUGUUGCAGAUAUAGUACCGGCUGUUCGUCUUCUUGCCGUAGUUCCA,0.3476885396469028,0.611700177192688
AUAUCAUGGCCGACAAGCA,AUGUUGUCGGUGUUGCAGAUAUAGUACCGGCUGUUCGUCUUCUUGCCGUAGUUCCAC,0.8728441677722217,0.5620446801185608
UAUCAUGGCCGACAAGCAG,UGUUGUCGGUGUUGCAGAUAUAGUACCGGCUGUUCGUCUUCUUGCCGUAGUUCCACU,0.6232268598836617,0.6039718985557556
AUCAUGGCCGACAAGCAGA,GUUGUCGGUGUUGCAGAUAUAGUACCGGCUGUUCGUCUUCUUGCCGUAGUUCCACUU,0.6742524747423206,0.4173975884914398
UCAUGGCCGACAAGCAGAA,UUGUCGGUGUUGCAGAUAUAGUACCGGCUGUUCGUCUUCUUGCCGUAGUUCCACUUG,0.743953464639249,0.4282219409942627
CAUGGCCGACAAGCAGAAG,UGUCGGUGUUGCAGAUAUAGUACCGGCUGUUCGUCUUCUUGCCGUAGUUCCACUUGA,0.3879987753852434,0.4671464264392853
AUGGCCGACAAGCAGAAGA,GUCGGUGUUGCAGAUAUAGUACCGGCUGUUCGUCUUCUUGCCGUAGUUCCACUUGAA,0.6374119808143689,0.4851270318031311
UGGCCGACAAGCAGAAGAA,UCGGUGUUGCAGAUAUAGUACCGGCUGUUCGUCUUCUUGCCGUAGUUCCACUUGAAG,0.8384529033574855,0.4167839586734772
GGCCGACAAGCAGAAGAAC,CGGUGUUGCAGAUAUAGUACCGGCUGUUCGUCUUCUUGCCGUAGUUCCACUUGAAGU,0.6454740279620369,0.4333932101726532
GCCGACAAGCAGAAGAACG,GGUGUUGCAGAUAUAGUACCGGCUGUUCGUCUUCUUGCCGUAGUUCCACUUGAAGUU,0.9262169609143792,0.4516577422618866
CCGACAAGCAGAAGAACGG,GUGUUGCAGAUAUAGUACCGGCUGUUCGUCUUCUUGCCGUAGUUCCACUUGAAGUUC,0.8561077660985815,0.44015005230903625
CGACAAGCAGAAGAACGGC,UGUUGCAGAUAUAGUACCGGCUGUUCGUCUUCUUGCCGUAGUUCCACUUGAAGUUCU,0.7760996020002041,0.38615480065345764
GACAAGCAGAAGAACGGCA,GUUGCAGAUAUAGUACCGGCUGUUCGUCUUCUUGCCGUAGUUCCACUUGAAGUUCUA,0.8598836615981224,0.45780089497566223
ACAAGCAGAAGAACGGCAU,UUGCAGAUAUAGUACCGGCUGUUCGUCUUCUUGCCGUAGUUCCACUUGAAGUUCUAG,0.7437493621798142,0.49113139510154724
CAAGCAGAAGAACGGCAUC,UGCAGAUAUAGUACCGGCUGUUCGUCUUCUUGCCGUAGUUCCACUUGAAGUUCUAGG,0.7374221859373407,0.5882600545883179
AAGCAGAAGAACGGCAUCA,GCAGAUAUAGUACCGGCUGUUCGUCUUCUUGCCGUAGUUCCACUUGAAGUUCUAGGC,0.805592407388509,0.5206627249717712
AGCAGAAGAACGGCAUCAA,CAGAUAUAGUACCGGCUGUUCGUCUUCUUGCCGUAGUUCCACUUGAAGUUCUAGGCG,0.7469129503010512,0.46996718645095825
GCAGAAGAACGGCAUCAAG,AGAUAUAGUACCGGCUGUUCGUCUUCUUGCCGUAGUUCCACUUGAAGUUCUAGGCGG,0.6342483926931319,0.3617366850376129
CAGAAGAACGGCAUCAAGG,GAUAUAGUACCGGCUGUUCGUCUUCUUGCCGUAGUUCCACUUGAAGUUCUAGGCGGU,0.7479334625982245,0.5097941160202026
AGAAGAACGGCAUCAAGGU,AUAUAGUACCGGCUGUUCGUCUUCUUGCCGUAGUUCCACUUGAAGUUCUAGGCGGUG,0.841514440249005,0.5378431677818298
GAAGAACGGCAUCAAGGUG,UAUAGUACCGGCUGUUCGUCUUCUUGCCGUAGUUCCACUUGAAGUUCUAGGCGGUGU,0.6983365649556078,0.5377787947654724
AAGAACGGCAUCAAGGUGA,AUAGUACCGGCUGUUCGUCUUCUUGCCGUAGUUCCACUUGAAGUUCUAGGCGGUGUU,0.7206857842637004,0.4989355206489563
AGAACGGCAUCAAGGUGAA,UAGUACCGGCUGUUCGUCUUCUUGCCGUAGUUCCACUUGAAGUUCUAGGCGGUGUUG,0.9334625982243088,0.4741623103618622
GAACGGCAUCAAGGUGAAC,AGUACCGGCUGUUCGUCUUCUUGCCGUAGUUCCACUUGAAGUUCUAGGCGGUGUUGU,0.7580365343402389,0.37832126021385193
AACGGCAUCAAGGUGAACU,GUACCGGCUGUUCGUCUUCUUGCCGUAGUUCCACUUGAAGUUCUAGGCGGUGUUGUA,0.6046535360751097,0.5584072470664978
ACGGCAUCAAGGUGAACUU,UACCGGCUGUUCGUCUUCUUGCCGUAGUUCCACUUGAAGUUCUAGGCGGUGUUGUAG,0.8880498010001021,0.41284945607185364
CGGCAUCAAGGUGAACUUC,ACCGGCUGUUCGUCUUCUUGCCGUAGUUCCACUUGAAGUUCUAGGCGGUGUUGUAGC,0.7206857842637004,0.404850572347641
GGCAUCAAGGUGAACUUCA,CCGGCUGUUCGUCUUCUUGCCGUAGUUCCACUUGAAGUUCUAGGCGGUGUUGUAGCU,0.959893866721094,0.3243008255958557
GCAUCAAGGUGAACUUCAA,CGGCUGUUCGUCUUCUUGCCGUAGUUCCACUUGAAGUUCUAGGCGGUGUUGUAGCUC,0.924890294928054,0.20702815055847168
CAUCAAGGUGAACUUCAAG,GGCUGUUCGUCUUCUUGCCGUAGUUCCACUUGAAGUUCUAGGCGGUGUUGUAGCUCC,0.8725380140830697,0.4382633864879608
AUCAAGGUGAACUUCAAGA,GCUGUUCGUCUUCUUGCCGUAGUUCCACUUGAAGUUCUAGGCGGUGUUGUAGCUCCU,0.7872231860393918,0.4438104033470154
UCAAGGUGAACUUCAAGAU,CUGUUCGUCUUCUUGCCGUAGUUCCACUUGAAGUUCUAGGCGGUGUUGUAGCUCCUG,0.9799979589754058,0.5025836825370789
CAAGGUGAACUUCAAGAUC,UGUUCGUCUUCUUGCCGUAGUUCCACUUGAAGUUCUAGGCGGUGUUGUAGCUCCUGC,0.956322073680988,0.5219724178314209
AAGGUGAACUUCAAGAUCC,GUUCGUCUUCUUGCCGUAGUUCCACUUGAAGUUCUAGGCGGUGUUGUAGCUCCUGCC,0.9578528421267476,0.6314932703971863
AGGUGAACUUCAAGAUCCG,UUCGUCUUCUUGCCGUAGUUCCACUUGAAGUUCUAGGCGGUGUUGUAGCUCCUGCCG,0.951831819573426,0.5486559867858887
GGUGAACUUCAAGAUCCGC,UCGUCUUCUUGCCGUAGUUCCACUUGAAGUUCUAGGCGGUGUUGUAGCUCCUGCCGU,0.7408919277477294,0.37250587344169617
GUGAACUUCAAGAUCCGCC,CGUCUUCUUGCCGUAGUUCCACUUGAAGUUCUAGGCGGUGUUGUAGCUCCUGCCGUC,0.5792427798754975,0.5608551502227783
UGAACUUCAAGAUCCGCCA,GUCUUCUUGCCGUAGUUCCACUUGAAGUUCUAGGCGGUGUUGUAGCUCCUGCCGUCG,0.7969180528625371,0.4344206154346466
GAACUUCAAGAUCCGCCAC,UCUUCUUGCCGUAGUUCCACUUGAAGUUCUAGGCGGUGUUGUAGCUCCUGCCGUCGC,0.7658944790284723,0.4827794134616852
AACUUCAAGAUCCGCCACA,CUUCUUGCCGUAGUUCCACUUGAAGUUCUAGGCGGUGUUGUAGCUCCUGCCGUCGCA,0.6715991427696705,0.40568146109580994
ACUUCAAGAUCCGCCACAA,UUCUUGCCGUAGUUCCACUUGAAGUUCUAGGCGGUGUUGUAGCUCCUGCCGUCGCAC,0.8626390448004899,0.2303285002708435
CUUCAAGAUCCGCCACAAC,UCUUGCCGUAGUUCCACUUGAAGUUCUAGGCGGUGUUGUAGCUCCUGCCGUCGCACG,0.7043575875089295,0.34701094031333923
UUCAAGAUCCGCCACAACA,CUUGCCGUAGUUCCACUUGAAGUUCUAGGCGGUGUUGUAGCUCCUGCCGUCGCACGU,0.8356975201551179,0.5766354203224182
UCAAGAUCCGCCACAACAU,UUGCCGUAGUUCCACUUGAAGUUCUAGGCGGUGUUGUAGCUCCUGCCGUCGCACGUC,0.8165118889682622,0.49241113662719727
CAAGAUCCGCCACAACAUC,UGCCGUAGUUCCACUUGAAGUUCUAGGCGGUGUUGUAGCUCCUGCCGUCGCACGUCG,0.5880191856311868,0.5090975165367126
AAGAUCCGCCACAACAUCG,GCCGUAGUUCCACUUGAAGUUCUAGGCGGUGUUGUAGCUCCUGCCGUCGCACGUCGA,0.6348607000714359,0.5417377948760986
AGAUCCGCCACAACAUCGA,CCGUAGUUCCACUUGAAGUUCUAGGCGGUGUUGUAGCUCCUGCCGUCGCACGUCGAG,0.8189611184814778,0.4659668207168579
GAUCCGCCACAACAUCGAG,CGUAGUUCCACUUGAAGUUCUAGGCGGUGUUGUAGCUCCUGCCGUCGCACGUCGAGC,0.5910807225227065,0.39420610666275024
AUCCGCCACAACAUCGAGG,GUAGUUCCACUUGAAGUUCUAGGCGGUGUUGUAGCUCCUGCCGUCGCACGUCGAGCG,0.3751403204408613,0.5352283716201782
UCCGCCACAACAUCGAGGA,UAGUUCCACUUGAAGUUCUAGGCGGUGUUGUAGCUCCUGCCGUCGCACGUCGAGCGG,0.7936524135115828,0.4472293257713318
CCGCCACAACAUCGAGGAC,AGUUCCACUUGAAGUUCUAGGCGGUGUUGUAGCUCCUGCCGUCGCACGUCGAGCGGC,0.2981936932340034,0.45004141330718994
CGCCACAACAUCGAGGACG,GUUCCACUUGAAGUUCUAGGCGGUGUUGUAGCUCCUGCCGUCGCACGUCGAGCGGCU,0.3715685274007552,0.3912254869937897
GCCACAACAUCGAGGACGG,UUCCACUUGAAGUUCUAGGCGGUGUUGUAGCUCCUGCCGUCGCACGUCGAGCGGCUG,0.7494642310439841,0.46873125433921814
CCACAACAUCGAGGACGGC,UCCACUUGAAGUUCUAGGCGGUGUUGUAGCUCCUGCCGUCGCACGUCGAGCGGCUGG,0.5148484539238698,0.4193054139614105
CACAACAUCGAGGACGGCA,CCACUUGAAGUUCUAGGCGGUGUUGUAGCUCCUGCCGUCGCACGUCGAGCGGCUGGU,0.4343300336769058,0.4044840335845947
ACAACAUCGAGGACGGCAG,CACUUGAAGUUCUAGGCGGUGUUGUAGCUCCUGCCGUCGCACGUCGAGCGGCUGGUG,0.5078069190733748,0.4504208266735077
CAACAUCGAGGACGGCAGC,ACUUGAAGUUCUAGGCGGUGUUGUAGCUCCUGCCGUCGCACGUCGAGCGGCUGGUGA,0.4191244004490254,0.4969649016857147
AACAUCGAGGACGGCAGCG,CUUGAAGUUCUAGGCGGUGUUGUAGCUCCUGCCGUCGCACGUCGAGCGGCUGGUGAU,0.225227063986121,0.5896086692810059
ACAUCGAGGACGGCAGCGU,UUGAAGUUCUAGGCGGUGUUGUAGCUCCUGCCGUCGCACGUCGAGCGGCUGGUGAUG,0.4763751403204408,0.536614179611206
CAUCGAGGACGGCAGCGUG,UGAAGUUCUAGGCGGUGUUGUAGCUCCUGCCGUCGCACGUCGAGCGGCUGGUGAUGG,0.5669966323094194,0.5098994970321655
AUCGAGGACGGCAGCGUGC,GAAGUUCUAGGCGGUGUUGUAGCUCCUGCCGUCGCACGUCGAGCGGCUGGUGAUGGU,0.3051331768547811,0.5749968886375427
UCGAGGACGGCAGCGUGCA,AAGUUCUAGGCGGUGUUGUAGCUCCUGCCGUCGCACGUCGAGCGGCUGGUGAUGGUC,0.3821818552913563,0.4861970841884613
CGAGGACGGCAGCGUGCAG,AGUUCUAGGCGGUGUUGUAGCUCCUGCCGUCGCACGUCGAGCGGCUGGUGAUGGUCG,0.281049086641494,0.3943456709384918
GAGGACGGCAGCGUGCAGC,GUUCUAGGCGGUGUUGUAGCUCCUGCCGUCGCACGUCGAGCGGCUGGUGAUGGUCGU,0.2052250229615267,0.4760880470275879
AGGACGGCAGCGUGCAGCU,UUCUAGGCGGUGUUGUAGCUCCUGCCGUCGCACGUCGAGCGGCUGGUGAUGGUCGUC,0.2676803755485253,0.5291504263877869
GGACGGCAGCGUGCAGCUC,UCUAGGCGGUGUUGUAGCUCCUGCCGUCGCACGUCGAGCGGCUGGUGAUGGUCGUCU,0.4078987651801204,0.47470584511756897
GACGGCAGCGUGCAGCUCG,CUAGGCGGUGUUGUAGCUCCUGCCGUCGCACGUCGAGCGGCUGGUGAUGGUCGUCUU,0.3109500969486682,0.4314855635166168
ACGGCAGCGUGCAGCUCGC,UAGGCGGUGUUGUAGCUCCUGCCGUCGCACGUCGAGCGGCUGGUGAUGGUCGUCUUG,0.321767527298704,0.5200848579406738
CGGCAGCGUGCAGCUCGCC,AGGCGGUGUUGUAGCUCCUGCCGUCGCACGUCGAGCGGCUGGUGAUGGUCGUCUUGU,0.2844167772221656,0.43632808327674866
GGCAGCGUGCAGCUCGCCG,GGCGGUGUUGUAGCUCCUGCCGUCGCACGUCGAGCGGCUGGUGAUGGUCGUCUUGUG,0.1591999183590162,0.5057359933853149
GCAGCGUGCAGCUCGCCGA,GCGGUGUUGUAGCUCCUGCCGUCGCACGUCGAGCGGCUGGUGAUGGUCGUCUUGUGG,0.4669864271864476,0.3855210542678833
CAGCGUGCAGCUCGCCGAC,CGGUGUUGUAGCUCCUGCCGUCGCACGUCGAGCGGCUGGUGAUGGUCGUCUUGUGGG,0.3114603530972548,0.5557480454444885
AGCGUGCAGCUCGCCGACC,GGUGUUGUAGCUCCUGCCGUCGCACGUCGAGCGGCUGGUGAUGGUCGUCUUGUGGGG,0.3699357077252781,0.5500850081443787
GCGUGCAGCUCGCCGACCA,GUGUUGUAGCUCCUGCCGUCGCACGUCGAGCGGCUGGUGAUGGUCGUCUUGUGGGGG,0.6342483926931319,0.42424681782722473
CGUGCAGCUCGCCGACCAC,UGUUGUAGCUCCUGCCGUCGCACGUCGAGCGGCUGGUGAUGGUCGUCUUGUGGGGGU,0.5557709970405144,0.3692179024219513
GUGCAGCUCGCCGACCACU,GUUGUAGCUCCUGCCGUCGCACGUCGAGCGGCUGGUGAUGGUCGUCUUGUGGGGGUA,0.5808755995509747,0.5232385993003845
UGCAGCUCGCCGACCACUA,UUGUAGCUCCUGCCGUCGCACGUCGAGCGGCUGGUGAUGGUCGUCUUGUGGGGGUAG,0.5756709868353914,0.4857288897037506
GCAGCUCGCCGACCACUAC,UGUAGCUCCUGCCGUCGCACGUCGAGCGGCUGGUGAUGGUCGUCUUGUGGGGGUAGC,0.5227063986121033,0.48256877064704895
CAGCUCGCCGACCACUACC,GUAGCUCCUGCCGUCGCACGUCGAGCGGCUGGUGAUGGUCGUCUUGUGGGGGUAGCC,0.5095417899785692,0.5075754523277283
AGCUCGCCGACCACUACCA,UAGCUCCUGCCGUCGCACGUCGAGCGGCUGGUGAUGGUCGUCUUGUGGGGGUAGCCG,0.6596591488927442,0.5131150484085083
GCUCGCCGACCACUACCAG,AGCUCCUGCCGUCGCACGUCGAGCGGCUGGUGAUGGUCGUCUUGUGGGGGUAGCCGC,0.3508521277681397,0.43082478642463684
CUCGCCGACCACUACCAGC,GCUCCUGCCGUCGCACGUCGAGCGGCUGGUGAUGGUCGUCUUGUGGGGGUAGCCGCU,0.3297275232166548,0.507561206817627
UCGCCGACCACUACCAGCA,CUCCUGCCGUCGCACGUCGAGCGGCUGGUGAUGGUCGUCUUGUGGGGGUAGCCGCUG,0.7564037146647619,0.5329198837280273
CGCCGACCACUACCAGCAG,UCCUGCCGUCGCACGUCGAGCGGCUGGUGAUGGUCGUCUUGUGGGGGUAGCCGCUGC,0.3944280028574344,0.488219678401947
GCCGACCACUACCAGCAGA,CCUGCCGUCGCACGUCGAGCGGCUGGUGAUGGUCGUCUUGUGGGGGUAGCCGCUGCC,0.5989386672109399,0.4132472574710846
CCGACCACUACCAGCAGAA,CUGCCGUCGCACGUCGAGCGGCUGGUGAUGGUCGUCUUGUGGGGGUAGCCGCUGCCG,0.7981426676191448,0.378105491399765
CGACCACUACCAGCAGAAC,UGCCGUCGCACGUCGAGCGGCUGGUGAUGGUCGUCUUGUGGGGGUAGCCGCUGCCGG,0.5862843147259925,0.4621449410915375
GACCACUACCAGCAGAACA,GCCGUCGCACGUCGAGCGGCUGGUGAUGGUCGUCUUGUGGGGGUAGCCGCUGCCGGG,0.7941626696601694,0.5342251062393188
ACCACUACCAGCAGAACAC,CCGUCGCACGUCGAGCGGCUGGUGAUGGUCGUCUUGUGGGGGUAGCCGCUGCCGGGG,0.8083477905908766,0.592788577079773
CCACUACCAGCAGAACACC,CGUCGCACGUCGAGCGGCUGGUGAUGGUCGUCUUGUGGGGGUAGCCGCUGCCGGGGC,0.5368915195428106,0.6006280779838562
CACUACCAGCAGAACACCC,GUCGCACGUCGAGCGGCUGGUGAUGGUCGUCUUGUGGGGGUAGCCGCUGCCGGGGCA,0.4763751403204408,0.624187707901001
ACUACCAGCAGAACACCCC,UCGCACGUCGAGCGGCUGGUGAUGGUCGUCUUGUGGGGGUAGCCGCUGCCGGGGCAC,0.383712623737116,0.6048046350479126
CUACCAGCAGAACACCCCC,CGCACGUCGAGCGGCUGGUGAUGGUCGUCUUGUGGGGGUAGCCGCUGCCGGGGCACG,0.5415858761098071,0.5940822958946228
UACCAGCAGAACACCCCCA,GCACGUCGAGCGGCUGGUGAUGGUCGUCUUGUGGGGGUAGCCGCUGCCGGGGCACGA,0.6590468415144403,0.6312472820281982
ACCAGCAGAACACCCCCAU,CACGUCGAGCGGCUGGUGAUGGUCGUCUUGUGGGGGUAGCCGCUGCCGGGGCACGAC,0.5707725278089602,0.5139557123184204
CCAGCAGAACACCCCCAUC,ACGUCGAGCGGCUGGUGAUGGUCGUCUUGUGGGGGUAGCCGCUGCCGGGGCACGACG,0.385957750790897,0.4792845845222473
CAGCAGAACACCCCCAUCG,CGUCGAGCGGCUGGUGAUGGUCGUCUUGUGGGGGUAGCCGCUGCCGGGGCACGACGA,0.3111541994081028,0.544455885887146
AGCAGAACACCCCCAUCGG,GUCGAGCGGCUGGUGAUGGUCGUCUUGUGGGGGUAGCCGCUGCCGGGGCACGACGAC,0.2939075415858761,0.5760316252708435
GCAGAACACCCCCAUCGGC,UCGAGCGGCUGGUGAUGGUCGUCUUGUGGGGGUAGCCGCUGCCGGGGCACGACGACG,0.3002347178283499,0.4879145324230194
CAGAACACCCCCAUCGGCG,CGAGCGGCUGGUGAUGGUCGUCUUGUGGGGGUAGCCGCUGCCGGGGCACGACGACGG,0.5418920297989591,0.5248794555664062
AGAACACCCCCAUCGGCGA,GAGCGGCUGGUGAUGGUCGUCUUGUGGGGGUAGCCGCUGCCGGGGCACGACGACGGG,0.5779161138891724,0.5339967608451843
GAACACCCCCAUCGGCGAC,AGCGGCUGGUGAUGGUCGUCUUGUGGGGGUAGCCGCUGCCGGGGCACGACGACGGGC,0.3451372589039698,0.517820417881012
AACACCCCCAUCGGCGACG,GCGGCUGGUGAUGGUCGUCUUGUGGGGGUAGCCGCUGCCGGGGCACGACGACGGGCU,0.189305031125625,0.5937578678131104
ACACCCCCAUCGGCGACGG,CGGCUGGUGAUGGUCGUCUUGUGGGGGUAGCCGCUGCCGGGGCACGACGACGGGCUG,0.2123686090417389,0.4774697721004486
CACCCCCAUCGGCGACGGC,GGCUGGUGAUGGUCGUCUUGUGGGGGUAGCCGCUGCCGGGGCACGACGACGGGCUGU,0.1976732319624451,0.410500168800354
ACCCCCAUCGGCGACGGCC,GCUGGUGAUGGUCGUCUUGUGGGGGUAGCCGCUGCCGGGGCACGACGACGGGCUGUU,0.3700377589549954,0.4123101830482483
CCCCCAUCGGCGACGGCCC,CUGGUGAUGGUCGUCUUGUGGGGGUAGCCGCUGCCGGGGCACGACGACGGGCUGUUG,0.1781814470864374,0.3621573746204376
CCCCAUCGGCGACGGCCCC,UGGUGAUGGUCGUCUUGUGGGGGUAGCCGCUGCCGGGGCACGACGACGGGCUGUUGG,0.1308296764976018,0.35482892394065857
CCCAUCGGCGACGGCCCCG,GGUGAUGGUCGUCUUGUGGGGGUAGCCGCUGCCGGGGCACGACGACGGGCUGUUGGU,0.0385753648331462,0.3699522614479065
CCAUCGGCGACGGCCCCGU,GUGAUGGUCGUCUUGUGGGGGUAGCCGCUGCCGGGGCACGACGACGGGCUGUUGGUG,0.1041943055413817,0.3228205144405365
CAUCGGCGACGGCCCCGUG,UGAUGGUCGUCUUGUGGGGGUAGCCGCUGCCGGGGCACGACGACGGGCUGUUGGUGA,0.3406470047964078,0.4375845193862915
AUCGGCGACGGCCCCGUGC,GAUGGUCGUCUUGUGGGGGUAGCCGCUGCCGGGGCACGACGACGGGCUGUUGGUGAU,0.3648331462394122,0.4683191478252411
UCGGCGACGGCCCCGUGCU,AUGGUCGUCUUGUGGGGGUAGCCGCUGCCGGGGCACGACGACGGGCUGUUGGUGAUG,0.290641902234922,0.4190845489501953
CGGCGACGGCCCCGUGCUG,UGGUCGUCUUGUGGGGGUAGCCGCUGCCGGGGCACGACGACGGGCUGUUGGUGAUGG,0.3580977650780692,0.34828048944473267
GGCGACGGCCCCGUGCUGC,GGUCGUCUUGUGGGGGUAGCCGCUGCCGGGGCACGACGACGGGCUGUUGGUGAUGGA,0.1925706704765792,0.34392857551574707
GCGACGGCCCCGUGCUGCU,GUCGUCUUGUGGGGGUAGCCGCUGCCGGGGCACGACGACGGGCUGUUGGUGAUGGAC,0.4290233697316052,0.3186074197292328
CGACGGCCCCGUGCUGCUG,UCGUCUUGUGGGGGUAGCCGCUGCCGGGGCACGACGACGGGCUGUUGGUGAUGGACU,0.4126951729768344,0.3169804811477661
GACGGCCCCGUGCUGCUGC,CGUCUUGUGGGGGUAGCCGCUGCCGGGGCACGACGACGGGCUGUUGGUGAUGGACUC,0.2699255026023063,0.32923924922943115
ACGGCCCCGUGCUGCUGCC,GUCUUGUGGGGGUAGCCGCUGCCGGGGCACGACGACGGGCUGUUGGUGAUGGACUCG,0.2001224614756608,0.4008236825466156
CGGCCCCGUGCUGCUGCCC,UCUUGUGGGGGUAGCCGCUGCCGGGGCACGACGACGGGCUGUUGGUGAUGGACUCGU,0.1432799265231146,0.2984470725059509
GGCCCCGUGCUGCUGCCCG,CUUGUGGGGGUAGCCGCUGCCGGGGCACGACGACGGGCUGUUGGUGAUGGACUCGUG,0.2157362996224104,0.34943369030952454
GCCCCGUGCUGCUGCCCGA,UUGUGGGGGUAGCCGCUGCCGGGGCACGACGACGGGCUGUUGGUGAUGGACUCGUGG,0.3726910909276457,0.30107414722442627
CCCCGUGCUGCUGCCCGAC,UGUGGGGGUAGCCGCUGCCGGGGCACGACGACGGGCUGUUGGUGAUGGACUCGUGGG,0.4928053883049291,0.37207531929016113
CCCGUGCUGCUGCCCGACA,GUGGGGGUAGCCGCUGCCGGGGCACGACGACGGGCUGUUGGUGAUGGACUCGUGGGU,0.3934074905602612,0.3381282389163971
CCGUGCUGCUGCCCGACAA,UGGGGGUAGCCGCUGCCGGGGCACGACGACGGGCUGUUGGUGAUGGACUCGUGGGUC,0.7875293397285438,0.2961468994617462
CGUGCUGCUGCCCGACAAC,GGGGGUAGCCGCUGCCGGGGCACGACGACGGGCUGUUGGUGAUGGACUCGUGGGUCA,0.8151852229819371,0.32778918743133545
GUGCUGCUGCCCGACAACC,GGGGUAGCCGCUGCCGGGGCACGACGACGGGCUGUUGGUGAUGGACUCGUGGGUCAG,0.6374119808143689,0.48076602816581726
UGCUGCUGCCCGACAACCA,GGGUAGCCGCUGCCGGGGCACGACGACGGGCUGUUGGUGAUGGACUCGUGGGUCAGG,0.8861108276354731,0.4525408148765564
GCUGCUGCCCGACAACCAC,GGUAGCCGCUGCCGGGGCACGACGACGGGCUGUUGGUGAUGGACUCGUGGGUCAGGC,0.7436473109500971,0.39734089374542236
CUGCUGCCCGACAACCACU,GUAGCCGCUGCCGGGGCACGACGACGGGCUGUUGGUGAUGGACUCGUGGGUCAGGCG,0.5531176650678641,0.44472038745880127
UGCUGCCCGACAACCACUA,UAGCCGCUGCCGGGGCACGACGACGGGCUGUUGGUGAUGGACUCGUGGGUCAGGCGG,0.5788345749566283,0.47783729434013367
GCUGCCCGACAACCACUAC,AGCCGCUGCCGGGGCACGACGACGGGCUGUUGGUGAUGGACUCGUGGGUCAGGCGGG,0.5146443514644352,0.42855632305145264
CUGCCCGACAACCACUACC,GCCGCUGCCGGGGCACGACGACGGGCUGUUGGUGAUGGACUCGUGGGUCAGGCGGGA,0.5234207572201245,0.5141521096229553
UGCCCGACAACCACUACCU,CCGCUGCCGGGGCACGACGACGGGCUGUUGGUGAUGGACUCGUGGGUCAGGCGGGAC,0.6227166037350751,0.5348631143569946
GCCCGACAACCACUACCUG,CGCUGCCGGGGCACGACGACGGGCUGUUGGUGAUGGACUCGUGGGUCAGGCGGGACU,0.5374017756913971,0.42357397079467773
CCCGACAACCACUACCUGA,GCUGCCGGGGCACGACGACGGGCUGUUGGUGAUGGACUCGUGGGUCAGGCGGGACUC,0.8361057250739873,0.39455005526542664
CCGACAACCACUACCUGAG,CUGCCGGGGCACGACGACGGGCUGUUGGUGAUGGACUCGUGGGUCAGGCGGGACUCG,0.9223390141851208,0.4374846816062927
CGACAACCACUACCUGAGC,UGCCGGGGCACGACGACGGGCUGUUGGUGAUGGACUCGUGGGUCAGGCGGGACUCGU,0.4711705276048576,0.4631127715110779
GACAACCACUACCUGAGCA,GCCGGGGCACGACGACGGGCUGUUGGUGAUGGACUCGUGGGUCAGGCGGGACUCGUU,0.5347484437187469,0.47588446736335754
ACAACCACUACCUGAGCAC,CCGGGGCACGACGACGGGCUGUUGGUGAUGGACUCGUGGGUCAGGCGGGACUCGUUU,0.6416981324624963,0.519533634185791
CAACCACUACCUGAGCACC,CGGGGCACGACGACGGGCUGUUGGUGAUGGACUCGUGGGUCAGGCGGGACUCGUUUC,0.4148382488008981,0.5031527876853943
AACCACUACCUGAGCACCC,GGGGCACGACGACGGGCUGUUGGUGAUGGACUCGUGGGUCAGGCGGGACUCGUUUCU,0.8119195836309828,0.5787627100944519
ACCACUACCUGAGCACCCA,GGGCACGACGACGGGCUGUUGGUGAUGGACUCGUGGGUCAGGCGGGACUCGUUUCUG,1.0,0.4021501839160919
CCACUACCUGAGCACCCAG,GGCACGACGACGGGCUGUUGGUGAUGGACUCGUGGGUCAGGCGGGACUCGUUUCUGG,0.7739565261761405,0.38380199670791626
CACUACCUGAGCACCCAGU,GCACGACGACGGGCUGUUGGUGAUGGACUCGUGGGUCAGGCGGGACUCGUUUCUGGG,0.5238289621389938,0.37002718448638916
ACUACCUGAGCACCCAGUC,CACGACGACGGGCUGUUGGUGAUGGACUCGUGGGUCAGGCGGGACUCGUUUCUGGGG,0.3763649351974691,0.44087478518486023
CUACCUGAGCACCCAGUCC,ACGACGACGGGCUGUUGGUGAUGGACUCGUGGGUCAGGCGGGACUCGUUUCUGGGGU,0.6845596489437697,0.4492867588996887
UACCUGAGCACCCAGUCCG,CGACGACGGGCUGUUGGUGAUGGACUCGUGGGUCAGGCGGGACUCGUUUCUGGGGUU,0.6600673538116135,0.5604429841041565
ACCUGAGCACCCAGUCCGC,GACGACGGGCUGUUGGUGAUGGACUCGUGGGUCAGGCGGGACUCGUUUCUGGGGUUG,0.7139504031023574,0.41757670044898987
CCUGAGCACCCAGUCCGCC,ACGACGGGCUGUUGGUGAUGGACUCGUGGGUCAGGCGGGACUCGUUUCUGGGGUUGC,0.4145320951117461,0.3595438599586487
CUGAGCACCCAGUCCGCCC,CGACGGGCUGUUGGUGAUGGACUCGUGGGUCAGGCGGGACUCGUUUCUGGGGUUGCU,0.4281049086641494,0.4397701919078827
UGAGCACCCAGUCCGCCCU,GACGGGCUGUUGGUGAUGGACUCGUGGGUCAGGCGGGACUCGUUUCUGGGGUUGCUC,0.5081130727625268,0.4217526912689209
GAGCACCCAGUCCGCCCUG,ACGGGCUGUUGGUGAUGGACUCGUGGGUCAGGCGGGACUCGUUUCUGGGGUUGCUCU,0.4580059189713236,0.34940478205680847
AGCACCCAGUCCGCCCUGA,CGGGCUGUUGGUGAUGGACUCGUGGGUCAGGCGGGACUCGUUUCUGGGGUUGCUCUU,0.4409633636085315,0.349143922328949
GCACCCAGUCCGCCCUGAG,GGGCUGUUGGUGAUGGACUCGUGGGUCAGGCGGGACUCGUUUCUGGGGUUGCUCUUC,0.6614960710276558,0.3004985749721527
CACCCAGUCCGCCCUGAGC,GGCUGUUGGUGAUGGACUCGUGGGUCAGGCGGGACUCGUUUCUGGGGUUGCUCUUCG,0.5268904990305133,0.34184205532073975
ACCCAGUCCGCCCUGAGCA,GCUGUUGGUGAUGGACUCGUGGGUCAGGCGGGACUCGUUUCUGGGGUUGCUCUUCGC,0.5291356260842943,0.3279246687889099
CCCAGUCCGCCCUGAGCAA,CUGUUGGUGAUGGACUCGUGGGUCAGGCGGGACUCGUUUCUGGGGUUGCUCUUCGCG,0.3477905908766199,0.2395503968000412
CCAGUCCGCCCUGAGCAAA,UGUUGGUGAUGGACUCGUGGGUCAGGCGGGACUCGUUUCUGGGGUUGCUCUUCGCGC,0.7528319216246556,0.25294792652130127
CAGUCCGCCCUGAGCAAAG,GUUGGUGAUGGACUCGUGGGUCAGGCGGGACUCGUUUCUGGGGUUGCUCUUCGCGCU,0.7940606184304522,0.39473092555999756
AGUCCGCCCUGAGCAAAGA,UUGGUGAUGGACUCGUGGGUCAGGCGGGACUCGUUUCUGGGGUUGCUCUUCGCGCUA,0.8562098173282989,0.41670337319374084
GUCCGCCCUGAGCAAAGAC,UGGUGAUGGACUCGUGGGUCAGGCGGGACUCGUUUCUGGGGUUGCUCUUCGCGCUAG,0.8223288090621492,0.44741490483283997
UCCGCCCUGAGCAAAGACC,GGUGAUGGACUCGUGGGUCAGGCGGGACUCGUUUCUGGGGUUGCUCUUCGCGCUAGU,0.5605674048372283,0.5443225502967834
CCGCCCUGAGCAAAGACCC,GUGAUGGACUCGUGGGUCAGGCGGGACUCGUUUCUGGGGUUGCUCUUCGCGCUAGUG,0.4591284824982141,0.480267733335495
CGCCCUGAGCAAAGACCCC,UGAUGGACUCGUGGGUCAGGCGGGACUCGUUUCUGGGGUUGCUCUUCGCGCUAGUGU,0.6078171241963466,0.3599892854690552
GCCCUGAGCAAAGACCCCA,GAUGGACUCGUGGGUCAGGCGGGACUCGUUUCUGGGGUUGCUCUUCGCGCUAGUGUA,0.5348504949484642,0.3608704209327698
CCCUGAGCAAAGACCCCAA,AUGGACUCGUGGGUCAGGCGGGACUCGUUUCUGGGGUUGCUCUUCGCGCUAGUGUAC,0.8204918869272376,0.3707199990749359
CCUGAGCAAAGACCCCAAC,UGGACUCGUGGGUCAGGCGGGACUCGUUUCUGGGGUUGCUCUUCGCGCUAGUGUACC,0.5999591795081131,0.4069949984550476
CUGAGCAAAGACCCCAACG,GGACUCGUGGGUCAGGCGGGACUCGUUUCUGGGGUUGCUCUUCGCGCUAGUGUACCA,0.5119910194917849,0.5345289707183838
UGAGCAAAGACCCCAACGA,GACUCGUGGGUCAGGCGGGACUCGUUUCUGGGGUUGCUCUUCGCGCUAGUGUACCAG,0.8274313705480152,0.5356302857398987
GAGCAAAGACCCCAACGAG,ACUCGUGGGUCAGGCGGGACUCGUUUCUGGGGUUGCUCUUCGCGCUAGUGUACCAGG,0.8127359934687214,0.4930046498775482
AGCAAAGACCCCAACGAGA,CUCGUGGGUCAGGCGGGACUCGUUUCUGGGGUUGCUCUUCGCGCUAGUGUACCAGGA,0.8405959791815493,0.4859471619129181
GCAAAGACCCCAACGAGAA,UCGUGGGUCAGGCGGGACUCGUUUCUGGGGUUGCUCUUCGCGCUAGUGUACCAGGAC,0.9398918256964996,0.35932105779647827
CAAAGACCCCAACGAGAAG,CGUGGGUCAGGCGGGACUCGUUUCUGGGGUUGCUCUUCGCGCUAGUGUACCAGGACG,0.7297683437085418,0.48662203550338745
AAAGACCCCAACGAGAAGC,GUGGGUCAGGCGGGACUCGUUUCUGGGGUUGCUCUUCGCGCUAGUGUACCAGGACGA,0.149198897846719,0.644408643245697
AAGACCCCAACGAGAAGCG,UGGGUCAGGCGGGACUCGUUUCUGGGGUUGCUCUUCGCGCUAGUGUACCAGGACGAC,0.1156240432697214,0.6383188962936401
AGACCCCAACGAGAAGCGC,GGGUCAGGCGGGACUCGUUUCUGGGGUUGCUCUUCGCGCUAGUGUACCAGGACGACC,0.1757322175732217,0.6168249845504761
GACCCCAACGAGAAGCGCG,GGUCAGGCGGGACUCGUUUCUGGGGUUGCUCUUCGCGCUAGUGUACCAGGACGACCU,0.3248290641902235,0.5348330736160278
ACCCCAACGAGAAGCGCGA,GUCAGGCGGGACUCGUUUCUGGGGUUGCUCUUCGCGCUAGUGUACCAGGACGACCUC,0.8637616083273804,0.4423030912876129
CCCCAACGAGAAGCGCGAU,UCAGGCGGGACUCGUUUCUGGGGUUGCUCUUCGCGCUAGUGUACCAGGACGACCUCA,0.8637616083273804,0.32735732197761536
CCCAACGAGAAGCGCGAUC,CAGGCGGGACUCGUUUCUGGGGUUGCUCUUCGCGCUAGUGUACCAGGACGACCUCAA,0.7593632003265639,0.4189719259738922
CCAACGAGAAGCGCGAUCA,AGGCGGGACUCGUUUCUGGGGUUGCUCUUCGCGCUAGUGUACCAGGACGACCUCAAG,0.8565159710174509,0.37030714750289917
CAACGAGAAGCGCGAUCAC,GGCGGGACUCGUUUCUGGGGUUGCUCUUCGCGCUAGUGUACCAGGACGACCUCAAGC,0.8033472803347281,0.506831705570221
AACGAGAAGCGCGAUCACA,GCGGGACUCGUUUCUGGGGUUGCUCUUCGCGCUAGUGUACCAGGACGACCUCAAGCA,0.7925298499846923,0.4686838984489441
ACGAGAAGCGCGAUCACAU,CGGGACUCGUUUCUGGGGUUGCUCUUCGCGCUAGUGUACCAGGACGACCUCAAGCAC,0.8493723849372385,0.4175311028957367
CGAGAAGCGCGAUCACAUG,GGGACUCGUUUCUGGGGUUGCUCUUCGCGCUAGUGUACCAGGACGACCUCAAGCACU,0.8429431574650474,0.39456918835639954
GAGAAGCGCGAUCACAUGG,GGACUCGUUUCUGGGGUUGCUCUUCGCGCUAGUGUACCAGGACGACCUCAAGCACUG,0.5995509745892439,0.40781667828559875
AGAAGCGCGAUCACAUGGU,GACUCGUUUCUGGGGUUGCUCUUCGCGCUAGUGUACCAGGACGACCUCAAGCACUGG,0.4856618022247169,0.4696381092071533
GAAGCGCGAUCACAUGGUC,ACUCGUUUCUGGGGUUGCUCUUCGCGCUAGUGUACCAGGACGACCUCAAGCACUGGC,0.6237371160322482,0.40842384099960327
AAGCGCGAUCACAUGGUCC,CUCGUUUCUGGGGUUGCUCUUCGCGCUAGUGUACCAGGACGACCUCAAGCACUGGCG,0.4416777222165527,0.561221182346344
AGCGCGAUCACAUGGUCCU,UCGUUUCUGGGGUUGCUCUUCGCGCUAGUGUACCAGGACGACCUCAAGCACUGGCGG,0.6299622410450046,0.4134630858898163
GCGCGAUCACAUGGUCCUG,CGUUUCUGGGGUUGCUCUUCGCGCUAGUGUACCAGGACGACCUCAAGCACUGGCGGC,0.4839269313195224,0.3318939805030823
CGCGAUCACAUGGUCCUGC,GUUUCUGGGGUUGCUCUUCGCGCUAGUGUACCAGGACGACCUCAAGCACUGGCGGCG,0.2970711297071129,0.23471809923648834
GCGAUCACAUGGUCCUGCU,UUUCUGGGGUUGCUCUUCGCGCUAGUGUACCAGGACGACCUCAAGCACUGGCGGCGG,0.3944280028574344,0.2816564738750458
CGAUCACAUGGUCCUGCUG,UUCUGGGGUUGCUCUUCGCGCUAGUGUACCAGGACGACCUCAAGCACUGGCGGCGGC,0.5157669149913257,0.3240989148616791
GAUCACAUGGUCCUGCUGG,UCUGGGGUUGCUCUUCGCGCUAGUGUACCAGGACGACCUCAAGCACUGGCGGCGGCC,0.6419022349219309,0.43245646357536316
AUCACAUGGUCCUGCUGGA,CUGGGGUUGCUCUUCGCGCUAGUGUACCAGGACGACCUCAAGCACUGGCGGCGGCCC,0.7801816511888969,0.4530256390571594
UCACAUGGUCCUGCUGGAG,UGGGGUUGCUCUUCGCGCUAGUGUACCAGGACGACCUCAAGCACUGGCGGCGGCCCU,0.3698336564955608,0.5223414897918701
CACAUGGUCCUGCUGGAGU,GGGGUUGCUCUUCGCGCUAGUGUACCAGGACGACCUCAAGCACUGGCGGCGGCCCUA,0.8043677926319012,0.37902000546455383
ACAUGGUCCUGCUGGAGUU,GGGUUGCUCUUCGCGCUAGUGUACCAGGACGACCUCAAGCACUGGCGGCGGCCCUAG,0.5754668843759567,0.4236108958721161
CAUGGUCCUGCUGGAGUUC,GGUUGCUCUUCGCGCUAGUGUACCAGGACGACCUCAAGCACUGGCGGCGGCCCUAGU,0.7337483416675172,0.440392404794693
AUGGUCCUGCUGGAGUUCG,GUUGCUCUUCGCGCUAGUGUACCAGGACGACCUCAAGCACUGGCGGCGGCCCUAGUG,0.3146239412184917,0.5818644762039185
UGGUCCUGCUGGAGUUCGU,UUGCUCUUCGCGCUAGUGUACCAGGACGACCUCAAGCACUGGCGGCGGCCCUAGUGA,0.8791713440146955,0.4412257671356201
GGUCCUGCUGGAGUUCGUG,UGCUCUUCGCGCUAGUGUACCAGGACGACCUCAAGCACUGGCGGCGGCCCUAGUGAG,0.7606898663128892,0.4568536877632141
GUCCUGCUGGAGUUCGUGA,GCUCUUCGCGCUAGUGUACCAGGACGACCUCAAGCACUGGCGGCGGCCCUAGUGAGA,0.4501479742830901,0.3801932632923126
UCCUGCUGGAGUUCGUGAC,CUCUUCGCGCUAGUGUACCAGGACGACCUCAAGCACUGGCGGCGGCCCUAGUGAGAG,0.8698846821104195,0.6195834875106812
CCUGCUGGAGUUCGUGACC,UCUUCGCGCUAGUGUACCAGGACGACCUCAAGCACUGGCGGCGGCCCUAGUGAGAGC,0.5375038269211144,0.4577862322330475
CUGCUGGAGUUCGUGACCG,CUUCGCGCUAGUGUACCAGGACGACCUCAAGCACUGGCGGCGGCCCUAGUGAGAGCC,0.7728339626492501,0.5835148692131042
UGCUGGAGUUCGUGACCGC,UUCGCGCUAGUGUACCAGGACGACCUCAAGCACUGGCGGCGGCCCUAGUGAGAGCCG,0.3764669864271864,0.4942074716091156
GCUGGAGUUCGUGACCGCC,UCGCGCUAGUGUACCAGGACGACCUCAAGCACUGGCGGCGGCCCUAGUGAGAGCCGU,0.3158485559750995,0.4476878046989441
CUGGAGUUCGUGACCGCCG,CGCGCUAGUGUACCAGGACGACCUCAAGCACUGGCGGCGGCCCUAGUGAGAGCCGUA,0.4057556893560567,0.4982719421386719
UGGAGUUCGUGACCGCCGC,GCGCUAGUGUACCAGGACGACCUCAAGCACUGGCGGCGGCCCUAGUGAGAGCCGUAC,0.3357485457699765,0.5672063827514648
GGAGUUCGUGACCGCCGCC,CGCUAGUGUACCAGGACGACCUCAAGCACUGGCGGCGGCCCUAGUGAGAGCCGUACC,0.4096336360853149,0.4167341887950897
GAGUUCGUGACCGCCGCCG,GCUAGUGUACCAGGACGACCUCAAGCACUGGCGGCGGCCCUAGUGAGAGCCGUACCU,0.2888049801000102,0.5734636187553406
AGUUCGUGACCGCCGCCGG,CUAGUGUACCAGGACGACCUCAAGCACUGGCGGCGGCCCUAGUGAGAGCCGUACCUG,0.3061536891519543,0.40031611919403076
GUUCGUGACCGCCGCCGGG,UAGUGUACCAGGACGACCUCAAGCACUGGCGGCGGCCCUAGUGAGAGCCGUACCUGC,0.3415654658638636,0.471943736076355
UUCGUGACCGCCGCCGGGA,AGUGUACCAGGACGACCUCAAGCACUGGCGGCGGCCCUAGUGAGAGCCGUACCUGCU,0.2972752321665476,0.49982884526252747
UCGUGACCGCCGCCGGGAU,GUGUACCAGGACGACCUCAAGCACUGGCGGCGGCCCUAGUGAGAGCCGUACCUGCUC,0.3545259720379631,0.5600922107696533
CGUGACCGCCGCCGGGAUC,UGUACCAGGACGACCUCAAGCACUGGCGGCGGCCCUAGUGAGAGCCGUACCUGCUCG,0.2578834574956628,0.3374146819114685
GUGACCGCCGCCGGGAUCA,GUACCAGGACGACCUCAAGCACUGGCGGCGGCCCUAGUGAGAGCCGUACCUGCUCGA,0.7101745076028168,0.4634656310081482
UGACCGCCGCCGGGAUCAC,UACCAGGACGACCUCAAGCACUGGCGGCGGCCCUAGUGAGAGCCGUACCUGCUCGAC,0.1468517195632207,0.5132672786712646
GACCGCCGCCGGGAUCACU,ACCAGGACGACCUCAAGCACUGGCGGCGGCCCUAGUGAGAGCCGUACCUGCUCGACA,0.3115624043269722,0.4532308280467987
ACCGCCGCCGGGAUCACUC,CCAGGACGACCUCAAGCACUGGCGGCGGCCCUAGUGAGAGCCGUACCUGCUCGACAU,0.5880191856311868,0.43103620409965515
CCGCCGCCGGGAUCACUCU,CAGGACGACCUCAAGCACUGGCGGCGGCCCUAGUGAGAGCCGUACCUGCUCGACAUG,0.2748239616287376,0.4086902439594269
CGCCGCCGGGAUCACUCUC,AGGACGACCUCAAGCACUGGCGGCGGCCCUAGUGAGAGCCGUACCUGCUCGACAUGU,0.332380855189305,0.3842434287071228
GCCGCCGGGAUCACUCUCG,GGACGACCUCAAGCACUGGCGGCGGCCCUAGUGAGAGCCGUACCUGCUCGACAUGUU,0.4833146239412185,0.45608052611351013
CCGCCGGGAUCACUCUCGG,GACGACCUCAAGCACUGGCGGCGGCCCUAGUGAGAGCCGUACCUGCUCGACAUGUUC,0.3032962547198694,0.4095739424228668
CGCCGGGAUCACUCUCGGC,ACGACCUCAAGCACUGGCGGCGGCCCUAGUGAGAGCCGUACCUGCUCGACAUGUUCA,0.3210531686906827,0.462507963180542
GCCGGGAUCACUCUCGGCA,CGACCUCAAGCACUGGCGGCGGCCCUAGUGAGAGCCGUACCUGCUCGACAUGUUCAU,0.1576691499132564,0.3838497996330261
CCGGGAUCACUCUCGGCAU,GACCUCAAGCACUGGCGGCGGCCCUAGUGAGAGCCGUACCUGCUCGACAUGUUCAUU,0.2564547402796204,0.41771775484085083
CGGGAUCACUCUCGGCAUG,ACCUCAAGCACUGGCGGCGGCCCUAGUGAGAGCCGUACCUGCUCGACAUGUUCAUUX,0.3241147055822023,0.41680511832237244
GGGAUCACUCUCGGCAUGG,CCUCAAGCACUGGCGGCGGCCCUAGUGAGAGCCGUACCUGCUCGACAUGUUCAUUXX,0.2486988468211042,0.47938212752342224
GGAUCACUCUCGGCAUGGA,CUCAAGCACUGGCGGCGGCCCUAGUGAGAGCCGUACCUGCUCGACAUGUUCAUUXXX,0.6411878763139096,0.40901485085487366
GAUCACUCUCGGCAUGGAC,UCAAGCACUGGCGGCGGCCCUAGUGAGAGCCGUACCUGCUCGACAUGUUCAUUXXXX,0.2659455046433309,0.43363624811172485
AUCACUCUCGGCAUGGACG,CAAGCACUGGCGGCGGCCCUAGUGAGAGCCGUACCUGCUCGACAUGUUCAUUXXXXX,0.2230839881620573,0.545408308506012
UCACUCUCGGCAUGGACGA,AAGCACUGGCGGCGGCCCUAGUGAGAGCCGUACCUGCUCGACAUGUUCAUUXXXXXX,0.1160322481885906,0.4789626896381378
CACUCUCGGCAUGGACGAG,AGCACUGGCGGCGGCCCUAGUGAGAGCCGUACCUGCUCGACAUGUUCAUUXXXXXXX,0.2562506378201857,0.4200420379638672
ACUCUCGGCAUGGACGAGC,GCACUGGCGGCGGCCCUAGUGAGAGCCGUACCUGCUCGACAUGUUCAUUXXXXXXXX,0.0932748239616287,0.47555553913116455
CUCUCGGCAUGGACGAGCU,CACUGGCGGCGGCCCUAGUGAGAGCCGUACCUGCUCGACAUGUUCAUUXXXXXXXXX,0.6159812225737321,0.4662055969238281
UCUCGGCAUGGACGAGCUG,ACUGGCGGCGGCCCUAGUGAGAGCCGUACCUGCUCGACAUGUUCAUUXXXXXXXXXX,0.8479436677211961,0.5592560172080994
CUCGGCAUGGACGAGCUGU,CUGGCGGCGGCCCUAGUGAGAGCCGUACCUGCUCGACAUGUUCAUUXXXXXXXXXXX,0.3403408511072558,0.43491098284721375
UCGGCAUGGACGAGCUGUA,UGGCGGCGGCCCUAGUGAGAGCCGUACCUGCUCGACAUGUUCAUUXXXXXXXXXXXX,0.6816001632819677,0.5262541770935059
CGGCAUGGACGAGCUGUAC,GGCGGCGGCCCUAGUGAGAGCCGUACCUGCUCGACAUGUUCAUUXXXXXXXXXXXXX,0.5791407286457803,0.5211973190307617
GGCAUGGACGAGCUGUACA,GCGGCGGCCCUAGUGAGAGCCGUACCUGCUCGACAUGUUCAUUXXXXXXXXXXXXXX,0.7517093580977651,0.5379816293716431
GCAUGGACGAGCUGUACAA,CGGCGGCCCUAGUGAGAGCCGUACCUGCUCGACAUGUUCAUUXXXXXXXXXXXXXXX,0.7825288294723952,0.47891661524772644
CAUGGACGAGCUGUACAAG,GGCGGCCCUAGUGAGAGCCGUACCUGCUCGACAUGUUCAUUXXXXXXXXXXXXXXXX,0.5463822839065211,0.6732841730117798
AUGGACGAGCUGUACAAGU,GCGGCCCUAGUGAGAGCCGUACCUGCUCGACAUGUUCAUUXXXXXXXXXXXXXXXXX,0.6983365649556078,0.6409999132156372
UGGACGAGCUGUACAAGUA,CGGCCCUAGUGAGAGCCGUACCUGCUCGACAUGUUCAUUXXXXXXXXXXXXXXXXXX,0.8460046943565671,0.7441987991333008
GGACGAGCUGUACAAGUAA,GGCCCUAGUGAGAGCCGUACCUGCUCGACAUGUUCAUUXXXXXXXXXXXXXXXXXXX,0.8518216144504541,0.5429906249046326
