siRNA,mRNA,label
UUCUCUGGAAUGCCUGCAC,CUCCUCCAGGUGACCGCGGGUGCAGGCAUUCCAGAGAAAGCGUUUAAUUUAACUUGG,0.25
GCUUUCUCUGGAAUGCCUG,CUCCAGGUGACCGCGGGUGCAGGCAUUCCAGAGAAAGCGUUUAAUUUAACUUGGAUA,0.85
AACGCUUUCUCUGGAAUGC,CAGGUGACCGCGGGUGCAGGCAUUCCAGAGAAAGCGUUUAAUUUAACUUGGAUAUCA,0.85
UUAAACGCUUUCUCUGGAA,GUGACCGCGGGUGCAGGCAUUCCAGAGAAAGCGUUUAAUUUAACUUGGAUAUCAACU,0.25
AAAUUAAACGCUUUCUCUG,ACCGCGGGUGCAGGCAUUCCAGAGAAAGCGUUUAAUUUAACUUGGAUAUCAACUGAU,0.85
AGUUGAUAUCCAAGUUAAA,UUCCAGAGAAAGCGUUUAAUUUAACUUGGAUAUCAACUGAUUUCAAGACAAUUUUGG,0.25
CCACUCCAAAAUUGUCUUG,CUUGGAAAUCAACUAAUUUCAAGACAAUUUUGGAGUGGGAACCCAAACCCGUCAAUC,0.25
UAGAUCGAUCACUUAUCUG,CAACUAUACCUACACUGUACAGAUAAGUGAUCGAUCUAGAAACUGGAAAAACAAGUG,0.85
UCUGUGGUCGAGAAGCACU,UCUAGAAACUGGAAAAACAAGUGCUUCUCGACCACAGACACCGAGUGCGACCUCACA,0.85
CACAUCCUUCACGAUCUCG,CCGAGUGCGACCUCACAGACGAGAUCGUGAAGGAUGUGACCUGGGCCUAUGAAGCAA,0.25
GGCCAGGCAGGGGUCUCCA,CGCCGCCAACUGGUAGACAUGGAGACCCCUGCCUGGCCCCGGGUCCCGCGCCCCGAG,0.25
CCUGAAGCGCCGGCCACCU,CUCGGCUGGGUCUUCGCCCAGGUGGCCGGCGCUUCAGGCACUACAAAUACUGUGGCA,0.25
GUGCCUGAAGCGCCGGCCA,GGCUGGGUCUUCGCCCAGGUGGCCGGCGCUUCAGGCACUACAAAUACUGUGGCAGCA,0.25
GUAGUGCCUGAAGCGCCGG,UGGGUCUUCGCCCAGGUGGCCGGCGCUUCAGGCACUACAAAUACUGUGGCAGCAUAU,0.85
UUUGUAGUGCCUGAAGCGC,GUCUUCGCCCAGGUGGCCGGCGCUUCAGGCACUACAAAUACUGUGGCAGCAUAUAAU,0.85
GUAUUUGUAGUGCCUGAAG,UUCGCCCAGGUGGCCGGCGCUUCAGGCACUACAAAUACUGUGGCAGCAUAUAAUUUA,0.25
ACAGUAUUUGUAGUGCCUG,GCCCAGGUGGCCGGCGCUUCAGGCACUACAAAUACUGUGGCAGCAUAUAAUUUAACU,0.85
GCCACAGUAUUUGUAGUGC,CAGGUGGCCGGCGCUUCAGGCACUACAAAUACUGUGGCAGCAUAUAAUUUAACUUGG,0.25
UGUAGACUUGAUUGACGGG,UUUGGAGUGGGAACCCAAACCCGUCAAUCAAGUCUACACUGUUCAAAUAAGCACUAA,0.25
UGCCAAGUACGUCUGCUUC,ACGAGAUUGUGAAGGAUGUGAAGCAGACGUACUUGGCACGGGUCUUCUCCUACCCGG,0.85
AGGUGUGAACUCUGGGGAG,GGGAGCCUCUGUAUGAGAACUCCCCAGAGUUCACACCUUACCUGGAGACAAACCUCG,0.25
CGAGGUUUGUCUCCAGGUA,CUCCCCAGAGUUCACACCUUACCUGGAGACAAACCUCGGACAGCCAACAAUUCAGAG,0.25
UCCUUCUGACUAAAGUCCG,UGUGACCGUAGAAGAUGAACGGACUUUAGUCAGAAGGAACAACACUUUCCUAAGCCU,0.25
GGGGAGUUCUCCUUCCAGC,AAGGCAGGAGUGGGGCAGAGCUGGAAGGAGAACUCCCCACUGAAUGUUUCAUAAAGG,0.25
GGAAGUUGUACUUGGCAAU,GCCAUCCGGUACAGAAUGUAUUGCCAAGUACAACUUCCACGGCACUGCCGAGCAGGA,0.25
CCCACCUUGUUUUUGGCUU,AAGGACCCCAACUGGUACAAAGCCAAAAACAAGGUGGGCCGUGAGGGCAUCAUCCCA,0.25
GGUUCUCAAAGUACACCUC,CAAGCUCAGCAUCGACGAGGAGGUGUACUUUGAGAACCUCAUGCAGCUGGUGGAGCA,0.25
ACCUUUGGUUUAAUGAGGC,GCAGAUGGACUCUGUACGCGCCUCAUUAAACCAAAGGUCAUGGAGGGCACAGUGGCG,0.85
UGGCGUCGUUCUUAAUGCA,GAACAAAGUCGCCGUCAAGUGCAUUAAGAACGACGCCACUGCCCAGGCCUUCCUGGC,0.85
GUUGCGUCAUGACUGAGGC,CCAGGCCUUCCUGGCUGAAGCCUCAGUCAUGACGCAACUGCGGCAUAGCAACCUGGU,0.85
AGCGAGAACUUGAGGAGAC,UCAGUGCUGGGCGGAGACUGUCUCCUCAAGUUCUCGCUAGAUGUCUGCGAGGCCAUG,0.85
AUUUCUUCUCUCUCAGGGC,CAAGUGGACAGCCCCUGAGGCCCUGAGAGAGAAGAAAUUCUCCACUAAGUCUGACGU,0.85
CUUCAGGGGAAUUCUUGGA,CCUUUGGGCGAGUGCCUUAUCCAAGAAUUCCCCUGAAGGACGUCGUCCCUCGGGUGG,0.25
GGCACCAGGUCCAUGAUCU,UGUGGGGACUGAACCUGGAAGAUCAUGGACCUGGUGCCCCUGCUCACUGGGCCCGAG,0.85
AAACUCUAAGAAGGCGAGU,GCUUCCCUGGCCUCCCGCCACUCGCCUUCUUAGAGUUUUAUUCCUUUCCUUUUUUGA,0.85
UUGCUUGUCCCACAGCCCA,GAUGCCCUCGUGUCCGUGAUGGGCUGUGGGACAAGCAAGGUCCUUCCCGAGCCACCC,0.25
ACUCUUAGUGCCACUGAAG,UGGUCAAGAAGGUGGAGCCCUUCAGUGGCACUAAGAGUGACGUGUACAAGCACUUCA,0.85
GAUGAAGUGCUUGUACACG,UCAGUGGCACUAAGAGUGACGUGUACAAGCACUUCAUCACAGAGGUGGACAGUGUUG,0.85
CAGUCGGGGGACCGGGGCA,AAGUCAGUAUGCACACCCCUGCCCCGGUCCCCCGACUGCUGGCCACACGGAGCCUCC,0.25
AAACUUGGCCCUGUACUUA,CACGCAGGGCCAGGGUAGCUAAGUACAGGGCCAAGUUUGACCCACGUGUUACAGCUA,0.25
AUGUCAUACUUAGCUGUAA,GCCAAGUUUGACCCACGUGUUACAGCUAAGUAUGACAUCAAGGCCCUAAUUGGCCGA,0.25
AAUCAUCUUGAUGGCAUAC,ACCGGGCAACCCGGCAGCCGUAUGCCAUCAAGAUGAUUGAGACCAAGUACCGGGAGG,0.85
CGCAGCUCCGACUCACACA,UACCGGGAGGGGCGGGAGGUGUGUGAGUCGGAGCUGCGUGUGCUGCGUCGGGUGCGU,0.25
GACGCACCCGACGCAGCAC,GUGUGAGUCGGAGCUGCGUGUGCUGCGUCGGGUGCGUCAUGCCAACAUCAUCCAGCU,0.85
CAGAUACCGGACGCCAUCC,GGGUGCUGCAGAUGGUGCUGGAUGGCGUCCGGUAUCUGCAUGCACUGGGCAUCACAC,0.25
GUAGUAGAGCAGAUUCUCA,CACACCGAGACCUCAAACCUGAGAAUCUGCUCUACUACCAUCCGGGCACUGACUCCA,0.85
GAGCUCCUGCAGGUCCUCC,UCACCCGGCUGCAGGAGAAGGAGGACCUGCAGGAGCUCAAUGAUCGCUUGGCGGUCU,0.83
AUUGAGCUCCUGCAGGUCC,CCCGGCUGCAGGAGAAGGAGGACCUGCAGGAGCUCAAUGAUCGCUUGGCGGUCUACA,0.45
CCUCGCGGCUGACCACCUC,UCGCAUCACCGAGUCUGAAGAGGUGGUCAGCCGCGAGGUGUCCGGCAUCAAGGCCGC,0.8
CGCUUCUCACUGAGAGCAG,AAGGAGGCCGCACUGAGCACUGCUCUCAGUGAGAAGCGCACGCUGGAGGGCGAGCUG,0.88
UGUUCUUCUGGAAGUCCAG,GCAGACCAUGAAGGAGGAACUGGACUUCCAGAAGAACAUCUACAGUGAGGAGCUGCG,0.98
AGCUCCUUCUUAUACUGCU,CAGCAUGAGGACCAGGUGGAGCAGUAUAAGAAGGAGCUGGAGAAGACUUAUUCUGCC,0.84
CAGCUCCUUCUUAUACUGC,AGCAUGAGGACCAGGUGGAGCAGUAUAAGAAGGAGCUGGAGAAGACUUAUUCUGCCA,0.8200000000000001
CCAGCUCCUUCUUAUACUG,GCAUGAGGACCAGGUGGAGCAGUAUAAGAAGGAGCUGGAGAAGACUUAUUCUGCCAA,0.95
UCCAGCUCCUUCUUAUACU,CAUGAGGACCAGGUGGAGCAGUAUAAGAAGGAGCUGGAGAAGACUUAUUCUGCCAAG,0.95
CUCCAGCUCCUUCUUAUAC,AUGAGGACCAGGUGGAGCAGUAUAAGAAGGAGCUGGAGAAGACUUAUUCUGCCAAGC,0.96
UCUCCAGCUCCUUCUUAUA,UGAGGACCAGGUGGAGCAGUAUAAGAAGGAGCUGGAGAAGACUUAUUCUGCCAAGCU,0.9
UUCUCCAGCUCCUUCUUAU,GAGGACCAGGUGGAGCAGUAUAAGAAGGAGCUGGAGAAGACUUAUUCUGCCAAGCUG,0.96
CUUCUCCAGCUCCUUCUUA,AGGACCAGGUGGAGCAGUAUAAGAAGGAGCUGGAGAAGACUUAUUCUGCCAAGCUGG,0.6699999999999999
UCUUCUCCAGCUCCUUCUU,GGACCAGGUGGAGCAGUAUAAGAAGGAGCUGGAGAAGACUUAUUCUGCCAAGCUGGA,0.87
GUCUUCUCCAGCUCCUUCU,GACCAGGUGGAGCAGUAUAAGAAGGAGCUGGAGAAGACUUAUUCUGCCAAGCUGGAC,0.96
AGUCUUCUCCAGCUCCUUC,ACCAGGUGGAGCAGUAUAAGAAGGAGCUGGAGAAGACUUAUUCUGCCAAGCUGGACA,0.93
AAGUCUUCUCCAGCUCCUU,CCAGGUGGAGCAGUAUAAGAAGGAGCUGGAGAAGACUUAUUCUGCCAAGCUGGACAA,0.91
UAAGUCUUCUCCAGCUCCU,CAGGUGGAGCAGUAUAAGAAGGAGCUGGAGAAGACUUAUUCUGCCAAGCUGGACAAU,0.98
AUAAGUCUUCUCCAGCUCC,AGGUGGAGCAGUAUAAGAAGGAGCUGGAGAAGACUUAUUCUGCCAAGCUGGACAAUG,0.95
AAUAAGUCUUCUCCAGCUC,GGUGGAGCAGUAUAAGAAGGAGCUGGAGAAGACUUAUUCUGCCAAGCUGGACAAUGC,0.96
GAAUAAGUCUUCUCCAGCU,GUGGAGCAGUAUAAGAAGGAGCUGGAGAAGACUUAUUCUGCCAAGCUGGACAAUGCC,0.96
AGAAUAAGUCUUCUCCAGC,UGGAGCAGUAUAAGAAGGAGCUGGAGAAGACUUAUUCUGCCAAGCUGGACAAUGCCA,0.96
CAGAAUAAGUCUUCUCCAG,GGAGCAGUAUAAGAAGGAGCUGGAGAAGACUUAUUCUGCCAAGCUGGACAAUGCCAG,0.98
GCAGAAUAAGUCUUCUCCA,GAGCAGUAUAAGAAGGAGCUGGAGAAGACUUAUUCUGCCAAGCUGGACAAUGCCAGG,0.81
GGCAGAAUAAGUCUUCUCC,AGCAGUAUAAGAAGGAGCUGGAGAAGACUUAUUCUGCCAAGCUGGACAAUGCCAGGC,0.95
UGGCAGAAUAAGUCUUCUC,GCAGUAUAAGAAGGAGCUGGAGAAGACUUAUUCUGCCAAGCUGGACAAUGCCAGGCA,0.97
CUGCCUGGCAUUGUCCAGC,AGAAGACUUAUUCUGCCAAGCUGGACAAUGCCAGGCAGUCUGCUGAGAGGAACAGCA,0.84
CUCAGCAGACUGCCUGGCA,AUUCUGCCAAGCUGGACAAUGCCAGGCAGUCUGCUGAGAGGAACAGCAACCUGGUGG,0.81
GUCCUCCAGGUCUCGAAGC,UGGCAGCCAAGGAGGCGAAGCUUCGAGACCUGGAGGACUCACUGGCCCGUGAGCGGG,0.96
UCGUCCAGCUGCUGCUGCA,GCCGAGAUGCGGGCAAGGAUGCAGCAGCAGCUGGACGAGUACCAGGAGCUUCUGGAC,0.92
CUCCAUGUCCAGGGCCAGC,AGGAGCUUCUGGACAUCAAGCUGGCCCUGGACAUGGAGAUCCACGCCUACCGCAAGC,0.79
GUGGACUCCAGUUUGCGCU,GGGGGCAGCGUCACCAAAAAGCGCAAACUGGAGUCCACCGAGAGCCGCAGCAGCUUC,0.98
CUGGUCCUCAUUGGACUUG,AGUUUGUCCGGCUGCGCAACAAGUCCAAUGAGGACCAGUCCAUGGGCAAUUGGCAGA,0.79
AGCCCAGAUCGUCACCACC,UCACCCUGAAGGCUGGGCAGGUGGUGACGAUCUGGGCUGCAGGAGCUGGGGCCACCC,0.92
GCCCCAGGUGUUCUGUGCC,CUACCGACCUGGUGUGGAAGGCACAGAACACCUGGGGCUGCGGGAACAGCCUGCGUA,0.86
AUGAGAGCCGUACGCAGGC,ACCUGGGGCUGCGGGAACAGCCUGCGUACGGCUCUCAUCAACUCCACUGGGGAAGAG,0.97
GCUUGCGCAUGGCCACUUC,CAUCAACUCCACUGGGGAAGAAGUGGCCAUGCGCAAGCUGGUGCGCUCAGUGACUGU,0.7
CCAGCUUGCGCAUGGCCAC,CAACUCCACUGGGGAAGAGGUGGCCAUGCGCAAGCUGGUGCGCUCAGUGACUGUGGU,0.74
UGAGCCGCUGGCAGAUGCC,GCGGGCAGCCUGCCGACAAGGCAUCUGCCAGCGGCUCAGGAGCCCAGGUGGGCGGAC,0.92
GUAGGAGCGGGUGACCAGA,GUGGCAGCUUCGGGGACAAUCUGGUCACCCGCUCCUACCUCCUGGGCACCUCCAGCC,0.83
CCCAGGAGGUAGGAGCGGG,UUCGGGGACAAUCUGGUCACCCGCUCCUACCUCCUGGGCACCUCCAGCCCCCGAACC,0.71
AGGGUUAUUUUUCUUUGGC,UCAUGGGAGGGGGCUUGAAGCCAAAGAAAAAUAACCCUUUGGUUUUUUUCUUCUGUA,0.96
GAAAAAAACCAAAGGGUUA,GCUUGAAGCCAAAGAAAAAUAACCCUUUGGUUUUUUUCUUCUGUAUUUUUUUUUUCU,0.52
AACCACUGUAGAAAAUAAC,UUUUUUUUUUCUAAGAGAAGUUAUUUUCUACAGUGGUUUUAUACUGAAGGAAAAACA,0.98
CAGAAGUCCGGGUUCUCCU,GGCAUCAUCCCAGUUGAGGAGGAGAACCCGGACUUCUGGAACCGCCAGGCAGCCGAG,0.9285714285714286
GUUCUUGGCGGCUGUCUGU,CCAAGAAGCUGCAGCCUGCACAGACAGCCGCCAAGAACCUCAUCAUCUUCCUGGGUG,0.6938775510204083
CCCAGGAAGAUGAUGAGGU,GCACAGACAGCCGCCAAGAACCUCAUCAUCUUCCUGGGUGACGGGAUGGGGGUGUCU,0.6020408163265305
ACUGUCUGGCACAUGUUUG,CCAAGACAUACAAUGUAGACAAACAUGUGCCAGACAGUGGAGCCACAGCCACGGCCU,0.9999999999999998
GGCGAGGCGUGCUGCACUC,GGAGUGGUAACCACCACACGAGUGCAGCACGCCUCGCCAGCCGGCACCUACGCCCAC,0.0510204081632653
CCAUUCCUGCACCAGAUUC,GGACCAGGCUGGACGGGAAGAAUCUGGUGCAGGAAUGGCUGGCGAAGCACCAGGGUG,0.7040816326530612
CAGCCAUUCCUGCACCAGA,CCAGGCUGGACGGGAAGAAUCUGGUGCAGGAAUGGCUGGCGAAGCACCAGGGUGCCC,0.4081632653061225
CAUGUCUCCAGGCUCAAAG,UGACCCAUCUCAUGGGUCUCUUUGAGCCUGGAGACAUGAAAUACGAGAUCCACCGAG,0.9183673469387754
GAACAUGAUCGUCUCAGUC,GCAGGGCUUACCGGGCACUGACUGAGACGAUCAUGUUCGACGACGCCAUUGAGAGGG,0.9693877551020408
UCAAUGGCGUCGUCGAACA,GCACUGACUGAGACGAUCAUGUUCGACGACGCCAUUGAGAGGGCGGGCCAGCUCACC,0.8877551020408163
CUGGUGAGCUGGCCCGCCC,UUCGACGACGCCAUUGAGAGGGCGGGCCAGCUCACCAGCGAGGAGGACACGCUGAGC,0.3061224489795918
GUGGGAGUGGUCGGCAGUG,AGGACACGCUGAGCCUCGUCACUGCCGACCACUCCCACGUCUUCUCCUUCGGAGGCU,0.0
AACAUCCGGCCGGGCGCCG,CAGGCUAUGUGCUCAAGGACGGCGCCCGGCCGGAUGUUACGGAGAGCGAGAGCGGGA,0.7142857142857142
UCGCUCUCGGUAACAUCCG,CUCAAGGACGGCGCCCGGCCGGAUGUUACCGAGAGCGAGAGCGGGAGCCCCGAGUAU,0.4285714285714285
AACGGCGGCGGGAAGUUCA,UUCCCGACGAUGACGCCGGUGAACUUCCCGCCGCCGUUGUUGUUUUGGAGCACGGAA,0.7358642972536349
ACAACGGCGGCGGGAAGUU,CCCGACGAUGACGCCGGUGAACUUCCCGCCGCCGUUGUUGUUUUGGAGCACGGAAAG,0.3731825525040388
CAACAACGGCGGCGGGAAG,CGACGAUGACGCCGGUGAACUUCCCGCCGCCGUUGUUGUUUUGGAGCACGGAAAGAC,0.6058158319870761
AACAACAACGGCGGCGGGA,ACGAUGACGCCGGUGAACUUCCCGCCGCCGUUGUUGUUUUGGAGCACGGAAAGACGA,0.5783521809369953
AAAACAACAACGGCGGCGG,GAUGACGCCGGUGAACUUCCCGCCGCCGUUGUUGUUUUGGAGCACGGAAAGACGAUG,0.6365105008077545
CCAAAACAACAACGGCGGC,UGACGCCGGUGAACUUCCCGCCGCCGUUGUUGUUUUGGAGCACGGAAAGACGAUGAC,0.3360258481421648
CUCCAAAACAACAACGGCG,ACGCCGGUGAACUUCCCGCCGCCGUUGUUGUUUUGGAGCACGGAAAGACGAUGACGG,0.82875605815832
UGCUCCAAAACAACAACGG,GCCGGUGAACUUCCCGCCGCCGUUGUUGUUUUGGAGCACGGAAAGACGAUGACGGAA,0.945880452342488
CGUGCUCCAAAACAACAAC,CGGUGAACUUCCCGCCGCCGUUGUUGUUUUGGAGCACGGAAAGACGAUGACGGAAAA,0.4878836833602585
UCCGUGCUCCAAAACAACA,GUGAACUUCCCGCCGCCGUUGUUGUUUUGGAGCACGGAAAGACGAUGACGGAAAAAG,0.8909531502423265
UUUCCGUGCUCCAAAACAA,GAACUUCCCGCCGCCGUUGUUGUUUUGGAGCACGGAAAGACGAUGACGGAAAAAGAG,0.9450726978998384
UCUUUCCGUGCUCCAAAAC,ACUUCCCGCCGCCGUUGUUGUUUUGGAGCACGGAAAGACGAUGACGGAAAAAGAGAU,0.0
CGUCUUUCCGUGCUCCAAA,UUCCCGCCGCCGUUGUUGUUUUGGAGCACGGAAAGACGAUGACGGAAAAAGAGAUCG,0.1405492730210016
AUCGUCUUUCCGUGCUCCA,CCCGCCGCCGUUGUUGUUUUGGAGCACGGAAAGACGAUGACGGAAAAAGAGAUCGUG,0.6462035541195478
UCAUCGUCUUUCCGUGCUC,CGCCGCCGUUGUUGUUUUGGAGCACGGAAAGACGAUGACGGAAAAAGAGAUCGUGGA,0.388529886914378
CGUCAUCGUCUUUCCGUGC,CCGCCGUUGUUGUUUUGGAGCACGGAAAGACGAUGACGGAAAAAGAGAUCGUGGAUU,0.5411954765751212
UCCGUCAUCGUCUUUCCGU,GCCGUUGUUGUUUUGGAGCACGGAAAGACGAUGACGGAAAAAGAGAUCGUGGAUUAC,0.8206785137318255
UUUCCGUCAUCGUCUUUCC,CGUUGUUGUUUUGGAGCACGGAAAGACGAUGACGGAAAAAGAGAUCGUGGAUUACGU,0.9321486268174476
UUUUUCCGUCAUCGUCUUU,UUGUUGUUUUGGAGCACGGAAAGACGAUGACGGAAAAAGAGAUCGUGGAUUACGUCG,0.8214862681744752
UCUUUUUCCGUCAUCGUCU,GUUGUUUUGGAGCACGGAAAGACGAUGACGGAAAAAGAGAUCGUGGAUUACGUCGCC,0.9765751211631664
UCUCUUUUUCCGUCAUCGU,UGUUUUGGAGCACGGAAAGACGAUGACGGAAAAAGAGAUCGUGGAUUACGUCGCCAG,0.8764135702746365
GAUCUCUUUUUCCGUCAUC,UUUUGGAGCACGGAAAGACGAUGACGGAAAAAGAGAUCGUGGAUUACGUCGCCAGUC,0.6090468497576738
ACGAUCUCUUUUUCCGUCA,UUGGAGCACGGAAAGACGAUGACGGAAAAAGAGAUCGUGGAUUACGUCGCCAGUCAA,0.9418416801292409
CCACGAUCUCUUUUUCCGU,GGAGCACGGAAAGACGAUGACGGAAAAAGAGAUCGUGGAUUACGUCGCCAGUCAAGU,0.6995153473344105
AUCCACGAUCUCUUUUUCC,AGCACGGAAAGACGAUGACGGAAAAAGAGAUCGUGGAUUACGUCGCCAGUCAAGUAA,0.9620355411954766
UAAUCCACGAUCUCUUUUU,CACGGAAAGACGAUGACGGAAAAAGAGAUCGUGGAUUACGUCGCCAGUCAAGUAACA,0.9612277867528272
CGUAAUCCACGAUCUCUUU,CGGAAAGACGAUGACGGAAAAAGAGAUCGUGGAUUACGUCGCCAGUCAAGUAACAAC,0.6074313408723748
GACGUAAUCCACGAUCUCU,GAAAGACGAUGACGGAAAAAGAGAUCGUGGAUUACGUCGCCAGUCAAGUAACAACCG,0.8933764135702749
GCGACGUAAUCCACGAUCU,AAGACGAUGACGGAAAAAGAGAUCGUGGAUUACGUCGCCAGUCAAGUAACAACCGCG,0.765751211631664
UGGCGACGUAAUCCACGAU,GACGAUGACGGAAAAAGAGAUCGUGGAUUACGUCGCCAGUCAAGUAACAACCGCGAA,0.581583198707593
ACUGGCGACGUAAUCCACG,CGAUGACGGAAAAAGAGAUCGUGGAUUACGUCGCCAGUCAAGUAACAACCGCGAAAA,0.9281098546042004
UGACUGGCGACGUAAUCCA,AUGACGGAAAAAGAGAUCGUGGAUUACGUCGCCAGUCAAGUAACAACCGCGAAAAAG,0.9806138933764136
CUUGACUGGCGACGUAAUC,GACGGAAAAAGAGAUCGUGGAUUACGUCGCCAGUCAAGUAACAACCGCGAAAAAGUU,1.0
UACUUGACUGGCGACGUAA,CGGAAAAAGAGAUCGUGGAUUACGUCGCCAGUCAAGUAACAACCGCGAAAAAGUUGC,0.9749596122778676
GUUACUUGACUGGCGACGU,GAAAAAGAGAUCGUGGAUUACGUCGCCAGUCAAGUAACAACCGCGAAAAAGUUGCGC,0.9038772213247172
UUGUUACUUGACUGGCGAC,AAAAGAGAUCGUGGAUUACGUCGCCAGUCAAGUAACAACCGCGAAAAAGUUGCGCGG,0.587237479806139
GGUUGUUACUUGACUGGCG,AAGAGAUCGUGGAUUACGUCGCCAGUCAAGUAACAACCGCGAAAAAGUUGCGCGGAG,0.8667205169628434
GCGGUUGUUACUUGACUGG,GAGAUCGUGGAUUACGUCGCCAGUCAAGUAACAACCGCGAAAAAGUUGCGCGGAGGA,0.7584814216478191
UCGCGGUUGUUACUUGACU,GAUCGUGGAUUACGUCGCCAGUCAAGUAACAACCGCGAAAAAGUUGCGCGGAGGAGU,0.9394184168012925
UUUCGCGGUUGUUACUUGA,UCGUGGAUUACGUCGCCAGUCAAGUAACAACCGCGAAAAAGUUGCGCGGAGGAGUUG,0.9394184168012925
UUUUUCGCGGUUGUUACUU,GUGGAUUACGUCGCCAGUCAAGUAACAACCGCGAAAAAGUUGCGCGGAGGAGUUGUG,0.8432956381260097
ACUUUUUCGCGGUUGUUAC,GGAUUACGUCGCCAGUCAAGUAACAACCGCGAAAAAGUUGCGCGGAGGAGUUGUGUU,0.9151857835218092
CAACUUUUUCGCGGUUGUU,AUUACGUCGCCAGUCAAGUAACAACCGCGAAAAAGUUGCGCGGAGGAGUUGUGUUUG,0.1785137318255251
CGCAACUUUUUCGCGGUUG,UACGUCGCCAGUCAAGUAACAACCGCGAAAAAGUUGCGCGGAGGAGUUGUGUUUGUG,0.2140549273021003
CGCGCAACUUUUUCGCGGU,CGUCGCCAGUCAAGUAACAACCGCGAAAAAGUUGCGCGGAGGAGUUGUGUUUGUGGA,0.4660743134087238
UCCGCGCAACUUUUUCGCG,UCGCCAGUCAAGUAACAACCGCGAAAAAGUUGCGCGGAGGAGUUGUGUUUGUGGACG,0.4838449111470113
CCUCCGCGCAACUUUUUCG,GCCAGUCAAGUAACAACCGCGAAAAAGUUGCGCGGAGGAGUUGUGUUUGUGGACGAA,0.8594507269789984
CUCCUCCGCGCAACUUUUU,CAGUCAAGUAACAACCGCGAAAAAGUUGCGCGGAGGAGUUGUGUUUGUGGACGAAGU,0.5379644588045235
AACUCCUCCGCGCAACUUU,GUCAAGUAACAACCGCGAAAAAGUUGCGCGGAGGAGUUGUGUUUGUGGACGAAGUAC,0.9959612277867528
ACAACUCCUCCGCGCAACU,CAAGUAACAACCGCGAAAAAGUUGCGCGGAGGAGUUGUGUUUGUGGACGAAGUACCG,0.9806138933764136
ACACAACUCCUCCGCGCAA,AGUAACAACCGCGAAAAAGUUGCGCGGAGGAGUUGUGUUUGUGGACGAAGUACCGAA,0.4256865912762522
AAACACAACUCCUCCGCGC,UAACAACCGCGAAAAAGUUGCGCGGAGGAGUUGUGUUUGUGGACGAAGUACCGAAAG,0.9256865912762522
ACAAACACAACUCCUCCGC,ACAACCGCGAAAAAGUUGCGCGGAGGAGUUGUGUUUGUGGACGAAGUACCGAAAGGU,0.9701130856219712
CCACAAACACAACUCCUCC,AACCGCGAAAAAGUUGCGCGGAGGAGUUGUGUUUGUGGACGAAGUACCGAAAGGUCU,0.977382875605816
GUCCACAAACACAACUCCU,CCGCGAAAAAGUUGCGCGGAGGAGUUGUGUUUGUGGACGAAGUACCGAAAGGUCUUA,0.9313408723747982
UCGUCCACAAACACAACUC,GCGAAAAAGUUGCGCGGAGGAGUUGUGUUUGUGGACGAAGUACCGAAAGGUCUUACC,0.994345718901454
CUUCGUCCACAAACACAAC,GAAAAAGUUGCGCGGAGGAGUUGUGUUUGUGGACGAAGUACCGAAAGGUCUUACCGG,0.9523424878836836
UACUUCGUCCACAAACACA,AAAAGUUGCGCGGAGGAGUUGUGUUUGUGGACGAAGUACCGAAAGGUCUUACCGGAA,0.9579967689822296
GGUACUUCGUCCACAAACA,AAGUUGCGCGGAGGAGUUGUGUUUGUGGACGAAGUACCGAAAGGUCUUACCGGAAAA,0.51453957996769
UCGGUACUUCGUCCACAAA,GUUGCGCGGAGGAGUUGUGUUUGUGGACGAAGUACCGAAAGGUCUUACCGGAAAACU,0.0791599353796446
UUUCGGUACUUCGUCCACA,UGCGCGGAGGAGUUGUGUUUGUGGACGAAGUACCGAAAGGUCUUACCGGAAAACUCG,0.8529886914378031
CCUUUCGGUACUUCGUCCA,CGCGGAGGAGUUGUGUUUGUGGACGAAGUACCGAAAGGUCUUACCGGAAAACUCGAC,0.7924071082390955
GACCUUUCGGUACUUCGUC,CGGAGGAGUUGUGUUUGUGGACGAAGUACCGAAAGGUCUUACCGGAAAACUCGACGC,0.9491114701130858
AAGACCUUUCGGUACUUCG,GAGGAGUUGUGUUUGUGGACGAAGUACCGAAAGGUCUUACCGGAAAACUCGACGCAA,0.9765751211631664
GUAAGACCUUUCGGUACUU,GGAGUUGUGUUUGUGGACGAAGUACCGAAAGGUCUUACCGGAAAACUCGACGCAAGA,0.7439418416801293
CGGUAAGACCUUUCGGUAC,AGUUGUGUUUGUGGACGAAGUACCGAAAGGUCUUACCGGAAAACUCGACGCAAGAAA,0.8739903069466883
UCCGGUAAGACCUUUCGGU,UUGUGUUUGUGGACGAAGUACCGAAAGGUCUUACCGGAAAACUCGACGCAAGAAAAA,0.9894991922455576
UUUCCGGUAAGACCUUUCG,GUGUUUGUGGACGAAGUACCGAAAGGUCUUACCGGAAAACUCGACGCAAGAAAAAUC,0.9919224555735058
GUUUUCCGGUAAGACCUUU,GUUUGUGGACGAAGUACCGAAAGGUCUUACCGGAAAACUCGACGCAAGAAAAAUCAG,0.7988691437802908
GAGUUUUCCGGUAAGACCU,UUGUGGACGAAGUACCGAAAGGUCUUACCGGAAAACUCGACGCAAGAAAAAUCAGAG,0.9523424878836836
UCGAGUUUUCCGGUAAGAC,GUGGACGAAGUACCGAAAGGUCUUACCGGAAAACUCGACGCAAGAAAAAUCAGAGAG,0.717285945072698
CGUCGAGUUUUCCGGUAAG,GGACGAAGUACCGAAAGGUCUUACCGGAAAACUCGACGCAAGAAAAAUCAGAGAGAU,0.9862681744749596
UGCGUCGAGUUUUCCGGUA,ACGAAGUACCGAAAGGUCUUACCGGAAAACUCGACGCAAGAAAAAUCAGAGAGAUCC,0.9991922455573508
CUUGCGUCGAGUUUUCCGG,GAAGUACCGAAAGGUCUUACCGGAAAACUCGACGCAAGAAAAAUCAGAGAGAUCCUC,0.9911147011308564
UUCUUGCGUCGAGUUUUCC,AGUACCGAAAGGUCUUACCGGAAAACUCGACGCAAGAAAAAUCAGAGAGAUCCUCAU,0.9733441033925688
UUUUCUUGCGUCGAGUUUU,UACCGAAAGGUCUUACCGGAAAACUCGACGCAAGAAAAAUCAGAGAGAUCCUCAUAA,0.988691437802908
AUUUUUCUUGCGUCGAGUU,CCGAAAGGUCUUACCGGAAAACUCGACGCAAGAAAAAUCAGAGAGAUCCUCAUAAAG,0.9531502423263328
UGAUUUUUCUUGCGUCGAG,GAAAGGUCUUACCGGAAAACUCGACGCAAGAAAAAUCAGAGAGAUCCUCAUAAAGGC,0.9757673667205172
UCUGAUUUUUCUUGCGUCG,AAGGUCUUACCGGAAAACUCGACGCAAGAAAAAUCAGAGAGAUCCUCAUAAAGGCCA,0.9991922455573508
UCUCUGAUUUUUCUUGCGU,GGUCUUACCGGAAAACUCGACGCAAGAAAAAUCAGAGAGAUCCUCAUAAAGGCCAAG,0.9321486268174476
UCUCUCUGAUUUUUCUUGC,UCUUACCGGAAAACUCGACGCAAGAAAAAUCAGAGAGAUCCUCAUAAAGGCCAAGAA,0.9927302100161552
GAUCUCUCUGAUUUUUCUU,UUACCGGAAAACUCGACGCAAGAAAAAUCAGAGAGAUCCUCAUAAAGGCCAAGAAGG,0.7746365105008077
AGGAUCUCUCUGAUUUUUC,ACCGGAAAACUCGACGCAAGAAAAAUCAGAGAGAUCCUCAUAAAGGCCAAGAAGGGC,0.9256865912762522
UGAGGAUCUCUCUGAUUUU,CGGAAAACUCGACGCAAGAAAAAUCAGAGAGAUCCUCAUAAAGGCCAAGAAGGGCGG,0.938610662358643
UAUGAGGAUCUCUCUGAUU,GAAAACUCGACGCAAGAAAAAUCAGAGAGAUCCUCAUAAAGGCCAAGAAGGGCGGAA,0.9652665589660744
UUUAUGAGGAUCUCUCUGA,AAACUCGACGCAAGAAAAAUCAGAGAGAUCCUCAUAAAGGCCAAGAAGGGCGGAAAG,0.9967689822294024
CCUUUAUGAGGAUCUCUCU,ACUCGACGCAAGAAAAAUCAGAGAGAUCCUCAUAAAGGCCAAGAAGGGCGGAAAGAU,0.9725363489499196
GGCCUUUAUGAGGAUCUCU,UCGACGCAAGAAAAAUCAGAGAGAUCCUCAUAAAGGCCAAGAAGGGCGGAAAGAUCG,0.5371567043618741
UUGGCCUUUAUGAGGAUCU,GACGCAAGAAAAAUCAGAGAGAUCCUCAUAAAGGCCAAGAAGGGCGGAAAGAUCGCC,0.8562197092084007
UCUUGGCCUUUAUGAGGAU,CGCAAGAAAAAUCAGAGAGAUCCUCAUAAAGGCCAAGAAGGGCGGAAAGAUCGCCGU,0.1211631663974153
UAUCCACUGUUUUUGGAAC,UGGUCUCUUCGGAAAGACUGUUCCAAAAACAGUGGAUAAUUUUGUGGCCUUAGCUAC,0.9361873990306946
AUUAUCCACUGUUUUUGGA,GUCUCUUCGGAAAGACUGUUCCAAAAACAGUGGAUAAUUUUGUGGCCUUAGCUACAG,0.8327948303715671
AAAUUAUCCACUGUUUUUG,CUCUUCGGAAAGACUGUUCCAAAAACAGUGGAUAAUUUUGUGGCCUUAGCUACAGGA,0.9531502423263328
CAAAAUUAUCCACUGUUUU,CUUCGGAAAGACUGUUCCAAAAACAGUGGAUAAUUUUGUGGCCUUAGCUACAGGAGA,0.624394184168013
CACAAAAUUAUCCACUGUU,UCGGAAAGACUGUUCCAAAAACAGUGGAUAAUUUUGUGGCCUUAGCUACAGGAGAGA,0.3562197092084006
GCCACAAAAUUAUCCACUG,GGAAAGACUGUUCCAAAAACAGUGGAUAAUUUUGUGGCCUUAGCUACAGGAGAGAAA,0.5452342487883683
AGGCCACAAAAUUAUCCAC,AAAGACUGUUCCAAAAACAGUGGAUAAUUUUGUGGCCUUAGCUACAGGAGAGAAAGG,0.668820678513732
UAAGGCCACAAAAUUAUCC,AGACUGUUCCAAAAACAGUGGAUAAUUUUGUGGCCUUAGCUACAGGAGAGAAAGGAU,0.9022617124394186
GCUAAGGCCACAAAAUUAU,ACUGUUCCAAAAACAGUGGAUAAUUUUGUGGCCUUAGCUACAGGAGAGAAAGGAUUU,0.4894991922455574
UAGCUAAGGCCACAAAAUU,UGUUCCAAAAACAGUGGAUAAUUUUGUGGCCUUAGCUACAGGAGAGAAAGGAUUUGG,0.8812600969305331
UGUAGCUAAGGCCACAAAA,UUCCAAAAACAGUGGAUAAUUUUGUGGCCUUAGCUACAGGAGAGAAAGGAUUUGGCU,0.644588045234249
CCUGUAGCUAAGGCCACAA,CCAAAAACAGUGGAUAAUUUUGUGGCCUUAGCUACAGGAGAGAAAGGAUUUGGCUAC,0.3537964458804524
CUCCUGUAGCUAAGGCCAC,AAAAACAGUGGAUAAUUUUGUGGCCUUAGCUACAGGAGAGAAAGGAUUUGGCUACAA,0.711631663974152
CUCUCCUGUAGCUAAGGCC,AAACAGUGGAUAAUUUUGUGGCCUUAGCUACAGGAGAGAAAGGAUUUGGCUACAAAA,0.988691437802908
UUCUCUCCUGUAGCUAAGG,ACAGUGGAUAAUUUUGUGGCCUUAGCUACAGGAGAGAAAGGAUUUGGCUACAAAAAC,0.8481421647819065
CUUUCUCUCCUGUAGCUAA,AGUGGAUAAUUUUGUGGCCUUAGCUACAGGAGAGAAAGGAUUUGGCUACAAAAACAG,0.4725363489499193
UCCUUUCUCUCCUGUAGCU,UGGAUAAUUUUGUGGCCUUAGCUACAGGAGAGAAAGGAUUUGGCUACAAAAACAGCA,0.8368336025848144
AAUCCUUUCUCUCCUGUAG,GAUAAUUUUGUGGCCUUAGCUACAGGAGAGAAAGGAUUUGGCUACAAAAACAGCAAA,0.983037156704362
CAAAUCCUUUCUCUCCUGU,UAAUUUUGUGGCCUUAGCUACAGGAGAGAAAGGAUUUGGCUACAAAAACAGCAAAUU,0.910339256865913
GCCAAAUCCUUUCUCUCCU,AUUUUGUGGCCUUAGCUACAGGAGAGAAAGGAUUUGGCUACAAAAACAGCAAAUUCC,0.938610662358643
UAGCCAAAUCCUUUCUCUC,UUUGUGGCCUUAGCUACAGGAGAGAAAGGAUUUGGCUACAAAAACAGCAAAUUCCAU,0.9789983844911148
UGUAGCCAAAUCCUUUCUC,UGUGGCCUUAGCUACAGGAGAGAAAGGAUUUGGCUACAAAAACAGCAAAUUCCAUCG,0.9701130856219712
UUUGUAGCCAAAUCCUUUC,UGGCCUUAGCUACAGGAGAGAAAGGAUUUGGCUACAAAAACAGCAAAUUCCAUCGUG,0.9854604200323104
UUUUUGUAGCCAAAUCCUU,GCCUUAGCUACAGGAGAGAAAGGAUUUGGCUACAAAAACAGCAAAUUCCAUCGUGUA,0.8861066235864299
UGUUUUUGUAGCCAAAUCC,CUUAGCUACAGGAGAGAAAGGAUUUGGCUACAAAAACAGCAAAUUCCAUCGUGUAAU,0.8990306946688207
GCUGUUUUUGUAGCCAAAU,UAGCUACAGGAGAGAAAGGAUUUGGCUACAAAAACAGCAAAUUCCAUCGUGUAAUCA,0.3360258481421648
UUGCUGUUUUUGUAGCCAA,GCUACAGGAGAGAAAGGAUUUGGCUACAAAAACAGCAAAUUCCAUCGUGUAAUCAAG,0.7738287560581583
AUUUGCUGUUUUUGUAGCC,UACAGGAGAGAAAGGAUUUGGCUACAAAAACAGCAAAUUCCAUCGUGUAAUCAAGGA,0.8497576736672052
GAAUUUGCUGUUUUUGUAG,CAGGAGAGAAAGGAUUUGGCUACAAAAACAGCAAAUUCCAUCGUGUAAUCAAGGACU,0.7996768982229403
UGGAAUUUGCUGUUUUUGU,GGAGAGAAAGGAUUUGGCUACAAAAACAGCAAAUUCCAUCGUGUAAUCAAGGACUUC,0.8586429725363491
GAUGGAAUUUGCUGUUUUU,AGAGAAAGGAUUUGGCUACAAAAACAGCAAAUUCCAUCGUGUAAUCAAGGACUUCAU,0.2859450726978998
ACGAUGGAAUUUGCUGUUU,AGAAAGGAUUUGGCUACAAAAACAGCAAAUUCCAUCGUGUAAUCAAGGACUUCAUGA,0.2835218093699515
ACACGAUGGAAUUUGCUGU,AAAGGAUUUGGCUACAAAAACAGCAAAUUCCAUCGUGUAAUCAAGGACUUCAUGAUC,0.9668820678513734
UUACACGAUGGAAUUUGCU,AGGAUUUGGCUACAAAAACAGCAAAUUCCAUCGUGUAAUCAAGGACUUCAUGAUCCA,0.9224555735056544
GAUUACACGAUGGAAUUUG,GAUUUGGCUACAAAAACAGCAAAUUCCAUCGUGUAAUCAAGGACUUCAUGAUCCAGG,0.9701130856219712
UUGAUUACACGAUGGAAUU,UUUGGCUACAAAAACAGCAAAUUCCAUCGUGUAAUCAAGGACUUCAUGAUCCAGGGC,0.9305331179321488
CCUUGAUUACACGAUGGAA,UGGCUACAAAAACAGCAAAUUCCAUCGUGUAAUCAAGGACUUCAUGAUCCAGGGCGG,0.5953150242326334
GUCCUUGAUUACACGAUGG,GCUACAAAAACAGCAAAUUCCAUCGUGUAAUCAAGGACUUCAUGAUCCAGGGCGGAG,0.9305331179321488
AAGUCCUUGAUUACACGAU,UACAAAAACAGCAAAUUCCAUCGUGUAAUCAAGGACUUCAUGAUCCAGGGCGGAGAC,0.9248788368336028
UGAAGUCCUUGAUUACACG,CAAAAACAGCAAAUUCCAUCGUGUAAUCAAGGACUUCAUGAUCCAGGGCGGAGACUU,0.9418416801292409
CAUGAAGUCCUUGAUUACA,AAAACAGCAAAUUCCAUCGUGUAAUCAAGGACUUCAUGAUCCAGGGCGGAGACUUCA,0.7407108239095317
AUCAUGAAGUCCUUGAUUA,AACAGCAAAUUCCAUCGUGUAAUCAAGGACUUCAUGAUCCAGGGCGGAGACUUCACC,0.934571890145396
GGAUCAUGAAGUCCUUGAU,CAGCAAAUUCCAUCGUGUAAUCAAGGACUUCAUGAUCCAGGGCGGAGACUUCACCAG,0.7609046849757675
CUGGAUCAUGAAGUCCUUG,GCAAAUUCCAUCGUGUAAUCAAGGACUUCAUGAUCCAGGGCGGAGACUUCACCAGGG,0.8255250403877223
CCCUGGAUCAUGAAGUCCU,AAAUUCCAUCGUGUAAUCAAGGACUUCAUGAUCCAGGGCGGAGACUUCACCAGGGGA,0.8941841680129243
CGCCCUGGAUCAUGAAGUC,AUUCCAUCGUGUAAUCAAGGACUUCAUGAUCCAGGGCGGAGACUUCACCAGGGGAGA,0.6381260096930534
UCCGCCCUGGAUCAUGAAG,UCCAUCGUGUAAUCAAGGACUUCAUGAUCCAGGGCGGAGACUUCACCAGGGGAGAUG,0.9410339256865914
UCUCCGCCCUGGAUCAUGA,CAUCGUGUAAUCAAGGACUUCAUGAUCCAGGGCGGAGACUUCACCAGGGGAGAUGGC,0.9741518578352182
AGUCUCCGCCCUGGAUCAU,UCGUGUAAUCAAGGACUUCAUGAUCCAGGGCGGAGACUUCACCAGGGGAGAUGGCAC,0.6163166397415186
GAAGUCUCCGCCCUGGAUC,GUGUAAUCAAGGACUUCAUGAUCCAGGGCGGAGACUUCACCAGGGGAGAUGGCACAG,0.9733441033925688
GUGAAGUCUCCGCCCUGGA,GUAAUCAAGGACUUCAUGAUCCAGGGCGGAGACUUCACCAGGGGAGAUGGCACAGGA,0.5621970920840065
UGGUGAAGUCUCCGCCCUG,AAUCAAGGACUUCAUGAUCCAGGGCGGAGACUUCACCAGGGGAGAUGGCACAGGAGG,0.6025848142164782
CCUGGUGAAGUCUCCGCCC,UCAAGGACUUCAUGAUCCAGGGCGGAGACUUCACCAGGGGAGAUGGCACAGGAGGAA,0.9434571890145398
CCCCUGGUGAAGUCUCCGC,AAGGACUUCAUGAUCCAGGGCGGAGACUUCACCAGGGGAGAUGGCACAGGAGGAAAG,0.8432956381260097
CUCCCCUGGUGAAGUCUCC,GGACUUCAUGAUCCAGGGCGGAGACUUCACCAGGGGAGAUGGCACAGGAGGAAAGAG,0.8780290791599354
AUCUCCCCUGGUGAAGUCU,ACUUCAUGAUCCAGGGCGGAGACUUCACCAGGGGAGAUGGCACAGGAGGAAAGAGCA,0.9321486268174476
CCAUCUCCCCUGGUGAAGU,UUCAUGAUCCAGGGCGGAGACUUCACCAGGGGAGAUGGCACAGGAGGAAAGAGCAUC,0.5630048465266559
UGCCAUCUCCCCUGGUGAA,CAUGAUCCAGGGCGGAGACUUCACCAGGGGAGAUGGCACAGGAGGAAAGAGCAUCUA,0.3667205169628433
UGUGCCAUCUCCCCUGGUG,UGAUCCAGGGCGGAGACUUCACCAGGGGAGAUGGCACAGGAGGAAAGAGCAUCUACG,0.8206785137318255
CUCCUGUGCCAUCUCCCCU,CCAGGGCGGAGACUUCACCAGGGGAGAUGGCACAGGAGGAAAGAGCAUCUACGGUGA,0.8392568659127626
UCCUCCUGUGCCAUCUCCC,AGGGCGGAGACUUCACCAGGGGAGAUGGCACAGGAGGAAAGAGCAUCUACGGUGAGC,0.8739903069466883
UUUCCUCCUGUGCCAUCUC,GGCGGAGACUUCACCAGGGGAGAUGGCACAGGAGGAAAGAGCAUCUACGGUGAGCGC,0.7940226171243943
UCUUUCCUCCUGUGCCAUC,CGGAGACUUCACCAGGGGAGAUGGCACAGGAGGAAAGAGCAUCUACGGUGAGCGCUU,0.910339256865913
GCUCUUUCCUCCUGUGCCA,GAGACUUCACCAGGGGAGAUGGCACAGGAGGAAAGAGCAUCUACGGUGAGCGCUUCC,0.6760904684975768
AUGCUCUUUCCUCCUGUGC,GACUUCACCAGGGGAGAUGGCACAGGAGGAAAGAGCAUCUACGGUGAGCGCUUCCCC,0.9579967689822296
AGAUGCUCUUUCCUCCUGU,CUUCACCAGGGGAGAUGGCACAGGAGGAAAGAGCAUCUACGGUGAGCGCUUCCCCGA,0.8263327948303716
GUAGAUGCUCUUUCCUCCU,UCACCAGGGGAGAUGGCACAGGAGGAAAGAGCAUCUACGGUGAGCGCUUCCCCGAUG,0.7003231017770598
CCGUAGAUGCUCUUUCCUC,ACCAGGGGAGAUGGCACAGGAGGAAAGAGCAUCUACGGUGAGCGCUUCCCCGAUGAG,0.6962843295638126
CACCGUAGAUGCUCUUUCC,CAGGGGAGAUGGCACAGGAGGAAAGAGCAUCUACGGUGAGCGCUUCCCCGAUGAGAA,0.9781906300484652
CUCACCGUAGAUGCUCUUU,GGGGAGAUGGCACAGGAGGAAAGAGCAUCUACGGUGAGCGCUUCCCCGAUGAGAACU,0.6340872374798062
CGCUCACCGUAGAUGCUCU,GGAGAUGGCACAGGAGGAAAGAGCAUCUACGGUGAGCGCUUCCCCGAUGAGAACUUC,0.8037156704361876
AGCGCUCACCGUAGAUGCU,AGAUGGCACAGGAGGAAAGAGCAUCUACGGUGAGCGCUUCCCCGAUGAGAACUUCAA,0.7423263327948304
GAAGCGCUCACCGUAGAUG,AUGGCACAGGAGGAAAGAGCAUCUACGGUGAGCGCUUCCCCGAUGAGAACUUCAAAC,0.9434571890145398
GGGAAGCGCUCACCGUAGA,GGCACAGGAGGAAAGAGCAUCUACGGUGAGCGCUUCCCCGAUGAGAACUUCAAACUG,0.247172859450727
CGGGGAAGCGCUCACCGUA,CACAGGAGGAAAGAGCAUCUACGGUGAGCGCUUCCCCGAUGAGAACUUCAAACUGAA,0.1445880452342488
AUCGGGGAAGCGCUCACCG,CAGGAGGAAAGAGCAUCUACGGUGAGCGCUUCCCCGAUGAGAACUUCAAACUGAAGC,0.8723747980613894
UCAUCGGGGAAGCGCUCAC,GGAGGAAAGAGCAUCUACGGUGAGCGCUUCCCCGAUGAGAACUUCAAACUGAAGCAC,0.9022617124394186
UCUCAUCGGGGAAGCGCUC,AGGAAAGAGCAUCUACGGUGAGCGCUUCCCCGAUGAGAACUUCAAACUGAAGCACUA,0.9232633279483038
GUUCUCAUCGGGGAAGCGC,GAAAGAGCAUCUACGGUGAGCGCUUCCCCGAUGAGAACUUCAAACUGAAGCACUACG,0.9733441033925688
AAGUUCUCAUCGGGGAAGC,AAGAGCAUCUACGGUGAGCGCUUCCCCGAUGAGAACUUCAAACUGAAGCACUACGGG,0.7722132471728596
UGAAGUUCUCAUCGGGGAA,GAGCAUCUACGGUGAGCGCUUCCCCGAUGAGAACUUCAAACUGAAGCACUACGGGCC,0.9014539579967692
UUUGAAGUUCUCAUCGGGG,GCAUCUACGGUGAGCGCUUCCCCGAUGAGAACUUCAAACUGAAGCACUACGGGCCUG,0.908723747980614
AGUUUGAAGUUCUCAUCGG,AUCUACGGUGAGCGCUUCCCCGAUGAGAACUUCAAACUGAAGCACUACGGGCCUGGC,0.9119547657512116
UCAGUUUGAAGUUCUCAUC,CUACGGUGAGCGCUUCCCCGAUGAGAACUUCAAACUGAAGCACUACGGGCCUGGCUG,0.9491114701130858
CUUCAGUUUGAAGUUCUCA,ACGGUGAGCGCUUCCCCGAUGAGAACUUCAAACUGAAGCACUACGGGCCUGGCUGGG,0.561389337641357
UGCUUCAGUUUGAAGUUCU,GGUGAGCGCUUCCCCGAUGAGAACUUCAAACUGAAGCACUACGGGCCUGGCUGGGUC,0.5912762520193862
AGUGCUUCAGUUUGAAGUU,UGAGCGCUUCCCCGAUGAGAACUUCAAACUGAAGCACUACGGGCCUGGCUGGGUCAG,0.7835218093699516
GUAGUGCUUCAGUUUGAAG,AGCGCUUCCCCGAUGAGAACUUCAAACUGAAGCACUACGGGCCUGGCUGGGUCAGCA,0.8150242326332797
CCGUAGUGCUUCAGUUUGA,CGCUUCCCCGAUGAGAACUUCAAACUGAAGCACUACGGGCCUGGCUGGGUCAGCAUG,0.3707592891760904
GUUCUUGGCGGCUGUCUGU,CCAAGAAGCUGCAGCCUGCACAGACAGCCGCCAAGAACCUCAUCAUCUUCCUGGGUG,0.6392568659127627
AGAUGAUGAGGUUCUUGGC,GCAGCCUGCACAGACAGCCGCCAAGAACCUCAUCAUCUUCCUGGGUGACGGGAUGGG,0.9581583198707596
CUGUAGUCAUCUGGGUACU,AUGGGGACCCCAGACCCUGAGUACCCAGAUGACUACAGCCAAGGUGGGACCAGGCUG,0.2394991922455573
CCAUUCCUGCACCAGAUUC,GGACCAGGCUGGACGGGAAGAAUCUGGUGCAGGAAUGGCUGGCGAAGCACCAGGGUG,0.660096930533118
CAUGUCUCCAGGCUCAAAG,UGACCCAUCUCAUGGGUCUCUUUGAGCCUGGAGACAUGAAAUACGAGAUCCACCGAG,0.8546849757673669
UCAAUGGCGUCGUCGAACA,GCACUGACUGAGACGAUCAUGUUCGACGACGCCAUUGAGAGGGCGGGCCAGCUCACC,0.7981421647819062
UAUAGGAGGACCGUGUAGG,AAGGCCCGGGACAGGAAGGCCUACACGGUCCUCCUAUACGGAAACGGUCCAGGCUAU,0.7283521809369953
GUAUAGGAGGACCGUGUAG,AGGCCCGGGACAGGAAGGCCUACACGGUCCUCCUAUACGGAAACGGUCCAGGCUAUG,0.3961227786752827
AUAGCCUGGACCGUUUCCG,CCUACACGGUCCUCCUAUACGGAAACGGUCCAGGCUAUGUGCUCAAGGACGGCGCCC,0.8724555735056545
ACAUAGCCUGGACCGUUUC,UACACGGUCCUCCUAUACGGAAACGGUCCAGGCUAUGUGCUCAAGGACGGCGCCCGG,0.2726978998384491
CAUGACGUGCGCUAUGAAG,ACGGCGUGCAGGAGCAGACCUUCAUAGCGCACGUCAUGGCCUUCGCCGCCUGCCUGG,0.3578352180936996
GCUCAUUCCAGGCAUCCCA,CUUCACGGGCAAGGCCAAGUGGGAUGCCUGGAAUGAGCUGAAAGGGACUUCCAAGGA,0.2641357027463652
UAAGCUUUCAUGGCAUCUU,CUGAAAGGGACUUCCAAGGAAGAUGCCAUGAAAGCUUACAUCAACAAAGUAGAAGAG,0.6344103392568661
GUAAGCUUUCAUGGCAUCU,UGAAAGGGACUUCCAAGGAAGAUGCCAUGAAAGCUUACAUCAACAAAGUAGAAGAGC,0.1508077544426495
UUGUUGAUGUAAGCUUUCA,ACUUCCAAGGAAGAUGCCAUGAAAGCUUACAUCAACAAAGUAGAAGAGCUAAAGAAA,0.4969305331179321
UCUUUAGCUCUUCUACUUU,CAUGAAAGCUUACAUCAACAAAGUAGAAGAGCUAAAGAAAAAAUACGGGAUAUGAGA,0.804281098546042
UAUUUUUUCUUUAGCUCUU,GCUUACAUCAACAAAGUAGAAGAGCUAAAGAAAAAAUACGGGAUAUGAGAGACUGGA,0.7738287560581583
AACAAGGCAUUGUCUCAGU,UGCCAUGUGUUUAUCCUAAACUGAGACAAUGCCUUGUUUUUUUCUAAUACCGUGGAU,0.2731017770597739
GGAAAGUCAGUAAUCGUUU,UCUAACAGAUUAGGGGCUAAAACGAUUACUGACUUUCCUUGAGUAGUUUUUAUCUGA,0.0744749596122779
ACUCAAGGAAAGUCAGUAA,AGAUUAGGGGCUAAAACGAUUACUGACUUUCCUUGAGUAGUUUUUAUCUGAAAUCAA,0.1571082390953151
GCACUUGGCAAAGCCGCCC,GGGGCCGCUUUUUGGGCAAGGGCGGCUUUGCCAAGUGCUUCGAGAUCUCGGACGCGG,0.4718901453957997
AGAGACUUAGGCACAAUCU,AAGGAGGUGUUCGCGGGCAAGAUUGUGCCUAAGUCUCUGCUGCUCAAGCCGCACCAG,0.7777059773828758
GGAUAUUUCCAUGGACAUC,AGCCGCACCAGAGGGAGAAGAUGUCCAUGGAAAUAUCCAUUCACCGCAGCCUCGCCC,0.57875605815832
UUCACCUCCAGAUCUUCAU,CUGGGCAACCUUUUCCUGAAUGAAGAUCUGGAGGUGAAAAUAGGGGAUUUUGGACUG,0.668659127625202
CACAUCCACCUCGAAACUG,UGCUGAGCAAGAAAGAGCACAGUUUCGAGGUGGAUGUGUGGUCCAUUGGGUGUAUCA,0.6490306946688207
UUAGGCAAGAAGUCUCAAA,GUUAGUGGGCAAACCACCUUUUGAGACUUCUUGCCUAAAAGAGACCUACCUCCGGAU,0.8885298869143783
GGAAUACUGUAUUCAUUCU,ACCUACCUCCGGAUCAAGAAGAAUGAAUACAGUAUUCCCAAGCACAUCAACCCCGUG,0.6927302100161552
AUGAGGCGUGUUGAGUCAU,AGCGUGGGGGUGCUCUUCAAUGACUCAACACGCCUCAUCCUCUACAAUGAUGGUGAC,0.6960420032310178
UAUUUAAGGAGGGUGAUCU,CCCAACUCCUUGAUGAAGAAGAUCACCCUCCUUAAAUAUUUCCGCAAUUACAUGAGC,0.8104200323101778
UCAUGUAAUUGCGGAAAUA,GAAGAUCACCCUCCUUAAAUAUUUCCGCAAUUACAUGAGCGAGCACUUGCUGAAGGC,0.6859450726979
CCCUUUUGGCUCCCCCCUG,GAAGGCUGGGGCUCAUUUGCAGGGGGGAGCCAAAAGGGUCAUCAUCUCUGCCCCCUC,0.0273021001615509
UGAUGACCCUUUUGGCUCC,UGGGGCUCAUUUGCAGGGGGGAGCCAAAAGGGUCAUCAUCUCUGCCCCCUCUGCUGA,0.9409531502423264
GAGAUGAUGACCCUUUUGG,GCUCAUUUGCAGGGGGGAGCCAAAAGGGUCAUCAUCUCUGCCCCCUCUGCUGAUGCC,0.983037156704362
AGGGGGCAGAGAUGAUGAC,GCAGGGGGGAGCCAAAAGGGUCAUCAUCUCUGCCCCCUCUGCUGAUGCCCCCAUGUU,0.788529886914378
GAACAUGGGGGCAUCAGCA,UCAUCAUCUCUGCCCCCUCUGCUGAUGCCCCCAUGUUCGUCAUGGGUGUGAACCAUG,0.3273828756058159
UUCACACCCAUGACGAACA,CCCUCUGCUGAUGCCCCCAUGUUCGUCAUGGGUGUGAACCAUGAGAAGUAUGACAAC,0.8735056542810986
UCAUGGUUCACACCCAUGA,GCUGAUGCCCCCAUGUUCGUCAUGGGUGUGAACCAUGAGAAGUAUGACAACAGCCUC,0.7136510500807755
UACUUCUCAUGGUUCACAC,GCCCCCAUGUUCGUCAUGGGUGUGAACCAUGAGAAGUAUGACAACAGCCUCAAGAUC,0.9734248788368338
UUGUCAUACUUCUCAUGGU,AUGUUCGUCAUGGGUGUGAACCAUGAGAAGUAUGACAACAGCCUCAAGAUCAUCAGC,0.9718901453957998
UGUUGUCAUACUUCUCAUG,GUUCGUCAUGGGUGUGAACCAUGAGAAGUAUGACAACAGCCUCAAGAUCAUCAGCAA,0.9708400646203555
UGAGGCUGUUGUCAUACUU,CAUGGGUGUGAACCAUGAGAAGUAUGACAACAGCCUCAAGAUCAUCAGCAAUGCCUC,0.9852180936995154
CUUGAGGCUGUUGUCAUAC,UGGGUGUGAACCAUGAGAAGUAUGACAACAGCCUCAAGAUCAUCAGCAAUGCCUCCU,0.851615508885299
AUCUUGAGGCUGUUGUCAU,GGUGUGAACCAUGAGAAGUAUGACAACAGCCUCAAGAUCAUCAGCAAUGCCUCCUGC,0.6953957996768982
UGAUCUUGAGGCUGUUGUC,UGUGAACCAUGAGAAGUAUGACAACAGCCUCAAGAUCAUCAGCAAUGCCUCCUGCAC,0.9855411954765754
GGAGGCAUUGCUGAUGAUC,AGUAUGACAACAGCCUCAAGAUCAUCAGCAAUGCCUCCUGCACCACCAACUGCUUAG,0.7964458804523427
GCUAAGCAGUUGGUGGUGC,AUCAUCAGCAAUGCCUCCUGCACCACCAACUGCUUAGCACCCCUGGCCAAGGUCAUC,0.5363489499192247
GGAUGACCUUGGCCAGGGG,CACCACCAACUGCUUAGCACCCCUGGCCAAGGUCAUCCAUGACAACUUUGGUAUCGU,0.2042810985460419
UCAUGGAUGACCUUGGCCA,ACCAACUGCUUAGCACCCCUGGCCAAGGUCAUCCAUGACAACUUUGGUAUCGUGGAA,0.9634087237479808
CACGAUACCAAAGUUGUCA,CCCUGGCCAAGGUCAUCCAUGACAACUUUGGUAUCGUGGAAGGACUCAUGACCACAG,0.5719709208400646
ACUGUGGUCAUGAGUCCUU,GACAACUUUGGUAUCGUGGAAGGACUCAUGACCACAGUCCAUGCCAUCACUGCCACC,0.0841680129240711
UUUGUAUUCAGCCCAUAUC,UUGGCAGAAGCUAUGAAACGAUAUGGGCUGAAUACAAAUCACAGAAUCGUCGUAUGC,0.967205169628433
UUUUAGAAUCCAUGAUAAU,CCCAAUCAUCCAAAAAAUUAUUAUCAUGGAUUCUAAAACGGAUUACCAGGGAUUUCA,0.672940226171244
CAAAUAUCCGAGUGUAGUA,AUCACGGUUUUGGAAUGUUUACUACACUCGGAUAUUUGAUAUGUGGAUUUCGAGUCG,0.5364297253634895
UAUUUGUCAAUCAGAGUGC,UUCUCCUUCUUCGCCAAAAGCACUCUGAUUGACAAAUACGAUUUAUCUAAUUUACAC,0.9558966074313408
GGAUUGUUUACAUAACCGG,AGAGGUCCUAUGAUUAUGUCCGGUUAUGUAAACAAUCCGGAAGCGACCAACGCCUUG,0.5605815831987077
CGCUUCCGGAUUGUUUACA,CUAUGAUUAUGUCCGGUUAUGUAAACAAUCCGGAAGCGACCAACGCCUUGAUUGACA,0.3046042003231018
GGCGUUGGUCGCUUCCGGA,UGUCCGGUUAUGUAAACAAUCCGGAAGCGACCAACGCCUUGAUUGACAAGGAUGGAU,0.9491114701130858
UACUUAAUCAGAGACUUCA,UUCUUCAUCGUUGACCGCCUGAAGUCUCUGAUUAAGUACAAAGGCUAUCAGGUGGCU,0.9668820678513734
GUACUUAAUCAGAGACUUC,UCUUCAUCGUUGACCGCCUGAAGUCUCUGAUUAAGUACAAAGGCUAUCAGGUGGCUC,0.5046042003231019
UUUAUGAGGAUCUCUCUGA,AAACUCGACGCAAGAAAAAUCAGAGAGAUCCUCAUAAAGGCCAAGAAGGGCGGAAAG,0.9407108239095316
UCUUUAUGUUUUUGGCGUC,UGGUAAAGCCACCAUGGAAGACGCCAAAAACAUAAAGAAAGGCCCGGCGCCAUUCUA,0.8200000000000001
UUCUUUAUGUUUUUGGCGU,GGUAAAGCCACCAUGGAAGACGCCAAAAACAUAAAGAAAGGCCCGGCGCCAUUCUAU,0.95
GGGCCUUUCUUUAUGUUUU,GCCACCAUGGAAGACGCCAAAAACAUAAAGAAAGGCCCGGCGCCAUUCUAUCCGCUG,0.06
CCGGGCCUUUCUUUAUGUU,CACCAUGGAAGACGCCAAAAACAUAAAGAAAGGCCCGGCGCCAUUCUAUCCGCUGGA,0.0999999999999999
GGCGCCGGGCCUUUCUUUA,AUGGAAGACGCCAAAAACAUAAAGAAAGGCCCGGCGCCAUUCUAUCCGCUGGAAGAU,0.02
UAGAAUGGCGCCGGGCCUU,GACGCCAAAAACAUAAAGAAAGGCCCGGCGCCAUUCUAUCCGCUGGAAGAUGGAACC,0.2
AGCGGAUAGAAUGGCGCCG,AAAAACAUAAAGAAAGGCCCGGCGCCAUUCUAUCCGCUGGAAGAUGGAACCGCUGGA,0.53
UCUUCCAGCGGAUAGAAUG,AUAAAGAAAGGCCCGGCGCCAUUCUAUCCGCUGGAAGAUGGAACCGCUGGAGAGCAA,0.92
GUUCCAUCUUCCAGCGGAU,AAAGGCCCGGCGCCAUUCUAUCCGCUGGAAGAUGGAACCGCUGGAGAGCAACUGCAU,0.25
CCAGCGGUUCCAUCUUCCA,CCGGCGCCAUUCUAUCCGCUGGAAGAUGGAACCGCUGGAGAGCAACUGCAUAAGGCU,0.0999999999999999
UGCUCUCCAGCGGUUCCAU,CCAUUCUAUCCGCUGGAAGAUGGAACCGCUGGAGAGCAACUGCAUAAGGCUAUGAAG,0.35
UUUCAUAGCUUCUGCCAAC,ACUUCGAAAUGUCCGUUCGGUUGGCAGAAGCUAUGAAACGAUAUGGGCUGAAUACAA,0.92
CGCGCCCAACACCGGCAUA,AAAACUCUCUUCAAUUCUUUAUGCCGGUGUUGGGCGCGUUAUUUAUCGGAGUUGCAG,0.18
UAAAUAACGCGCCCAACAC,UCUUCAAUUCUUUAUGCCGGUGUUGGGCGCGUUAUUUAUCGGAGUUGCAGUUGCGCC,0.9
CGCGGGCGCAACUGCAACU,UGGGCGCGUUAUUUAUCGGAGUUGCAGUUGCGCCCGCGAACGACAUUUAUAAUGAAC,0.33
UUAUAAAUGUCGUUCGCGG,AUCGGAGUUGCAGUUGCGCCCGCGAACGACAUUUAUAAUGAACGUGAAUUGCUCAAC,0.92
GGGAGCUUUUUUUGCACGU,GGGUUGCAAAAAAUUUUGAACGUGCAAAAAAAGCUCCCAAUCAUCCAAAAAAUUAUU,0.28
UAAUUUUUUGGAUGAUUGG,GAACGUGCAAAAAAAGCUCCCAAUCAUCCAAAAAAUUAUUAUCAUGGAUUCUAAAAC,0.97
AUUCAUUAAAACCGGGAGG,GUUCGUCACAUCUCAUCUACCUCCCGGUUUUAAUGAAUACGAUUUUGUGCCAGAGUC,0.72
AAUAGGAUCUCUGGCAUGC,CUGCCUGCGUGAGAUUCUCGCAUGCCAGAGAUCCUAUUUUUGGCAAUCAAAUCAUUC,0.92
UUAAAAUCGCAGUAUCCGG,UUUUGGCAAUCAAAUCAUUCCGGAUACUGCGAUUUUAAGUGUUGUUCCAUUCCAUCA,0.92
AUUAAGACGACUCGAAAUC,CUCGGAUAUUUGAUAUGUGGAUUUCGAGUCGUCUUAAUGUAUAGAUUUGAAGAAGAG,0.99
UAUUUGUCAAUCAGAGUGC,UUCUCCUUCUUCGCCAAAAGCACUCUGAUUGACAAAUACGAUUUAUCUAAUUUACAC,0.92
AUUAGAUAAAUCGUAUUUG,CCAAAAGCACUCUGAUUGACAAAUACGAUUUAUCUAAUUUACACGAAAUUGCUUCUG,0.8200000000000001
CCCUCGGGUGUAAUCAGAA,ACUGAGACUACAUCAGCUAUUCUGAUUACACCCGAGGGGGAUGAUAAACCGGGCGCG,0.0999999999999999
CCGCGCCCGGUUUAUCAUC,UCUGAUUACACCCGAGGGGGAUGAUAAACCGGGCGCGGUCGGUAAAGUUGUUCCAUU,0.51
AACUUUACCGACCGCGCCC,CCGAGGGGGAUGAUAAACCGGGCGCGGUCGGUAAAGUUGUUCCAUUUUUUGAAGCGA,0.92
AAAAUGGAACAACUUUACC,UGAUAAACCGGGCGCGGUCGGUAAAGUUGUUCCAUUUUUUGAAGCGAAGGUUGUGGA,0.95
UACAUAACCGGACAUAAUC,UGUGUGUGAGAGGUCCUAUGAUUAUGUCCGGUUAUGUAAACAAUCCGGAAGCGACCA,0.96
UUAAUCAGAGACUUCAGGC,CACUUCUUCAUCGUUGACCGCCUGAAGUCUCUGAUUAAGUACAAAGGCUAUCAGGUG,0.92
CGGCGGCGGGAAGUUCACC,UCUUCCCGACGAUGACGCCGGUGAACUUCCCGCCGCCGUUGUUGUUUUGGAGCACGG,0.0799999999999999
AAACAACAACGGCGGCGGG,CGAUGACGCCGGUGAACUUCCCGCCGCCGUUGUUGUUUUGGAGCACGGAAAGACGAU,0.45
AAAACAACAACGGCGGCGG,GAUGACGCCGGUGAACUUCCCGCCGCCGUUGUUGUUUUGGAGCACGGAAAGACGAUG,0.7
CAAAACAACAACGGCGGCG,AUGACGCCGGUGAACUUCCCGCCGCCGUUGUUGUUUUGGAGCACGGAAAGACGAUGA,0.5
UGAUUUUUCUUGCGUCGAG,GAAAGGUCUUACCGGAAAACUCGACGCAAGAAAAAUCAGAGAGAUCCUCAUAAAGGC,0.88
CGGGCGGACAUGGGGAGAU,AGGCUCAGAGGUAUUGGGGAUCUCCCCAUGUCCGCCCGCAUACGAGUUCUGCGGAGG,0.25
GGGGCCGCAGCUUACACAU,GCAGCUCAGCCUUAAGAACAUGUGUAAGCUGCGGCCCCUGCUGGAGAAGUGGGUGGA,0.25
AAUGCUAGUUCGCUUUCUC,CCCUGGUGCAGGCCCGGAAGAGAAAGCGAACUAGCAUUGAGAACCGUGUGAGGUGGA,0.85
UACAGAACCAUACUCGAAC,UGGGCUAGAGAAGGAUGUGGUUCGAGUAUGGUUCUGUAACCGGCGCCAGAAGGGCAA,0.85
AUCUUUUGCCCUUCUGGCG,AGUAUGGUUCUGUAACCGGCGCCAGAAGGGCAAAAGAUCAAGUAUUGAGUAUUCCCA,0.85
CCGGGCCGCCGAACAUCCU,GUCCUCGUCCUCCUACCGCAGGAUGUUCGGCGGCCCGGGCACCGCGAGCCGGCCGAG,0.25
CGCCCGGGGACGAGGCGUA,CAGUACCAGCCGCAGCCUCUACGCCUCGUCCCCGGGCGGCGUGUAUGCCACGCGCUC,0.25
UUGAACUCGGUGUUGAUGG,GACUUCUCGCUGGCCGACGCCAUCAACACCGAGUUCAAGAACACCCGCACCAACGAG,0.85
UCUUAUUCUGCUGCUCCAG,CAUCGACAAGGUGCGCUUCCUGGAGCAGCAGAAUAAGAUCCUGCUGGCCGAGCUCGA,0.85
CGCGGGCUUUGUCGUUGGU,CCGGCAGGUGGACCAGCUAACCAACGACAAAGCCCGCGUCGAGGUGGAGCGCGACAA,0.25
AAGAUUGCAGGGUGUUUUC,GCUUCAGAGAGGGGAAGCCGAAAACACCCUGCAAUCUUUCAGACAGGAUGUUGACAA,0.85
UUUCAUAUUGCUGACGUAC,CACGGCUGCCCUGCGUGACGUACGUCAGCAAUAUGAAAGUGUGGCUGCCAAGAACCU,0.85
AUUUGUACCAUUCUUCUGC,UGCCAAGAACCUGCAGGAGGCAGAAGAAUGGUACAAAUCCAAGUUUGCUGACCUCUC,0.85
UCAUAUUCUGAAUCUCAUC,CACUAUUGGCCGCCUGCAGGAUGAGAUUCAGAAUAUGAAGGAGGAAAUGGCUCGUCA,0.85
UAUUCACGAAGGUGACGAG,AAUAUGAAGGAGGAAAUGGCUCGUCACCUUCGUGAAUACCAAGACCUGCUCAAUGUU,0.85
UAACAUUGAGCAGGUCUUG,UCGUCACCUUCGUGAAUACCAAGACCUGCUCAAUGUUAAGAUGGCCCUUGACAUUGA,0.85
AAAAGUUUGGAAGAGGCAG,CGAGGAGAGCAGGAUUUCUCUGCCUCUUCCAAACUUUUCCUCCCUGAACCUGAGGGA,0.85
UUUUUGAGUGGGUAUCAAC,UCUGGAUUCACUCCCUCUGGUUGAUACCCACUCAAAAAGGACACUUCUGAUUAAGAC,0.85
GCGAGAGGCGGACGGGACC,XCCUCCCCUCGCCCGGCGCGGUCCCGUCCGCCUCUCGCUCGCCUCCCGCCUCCCCUC,0.2105263157894736
CCGGGCGCCUCGGAAGACC,UCGCCUCCCGCCUCCCCUCGGUCUUCCGAGGCGCCCGGGCUCCCGGCGCGGCGGCGG,0.2105263157894736
AUGGCUGCAGCUUCCGAGA,XXXXXXXXXXGUUCUCUCCUCUCGGAAGCUGCAGCCAUGAUGGAAGUUUGAGAGUUG,0.631578947368421
CCCCGCGGCUGCUCACAGG,CCCGGAGCCCCUCUCAGCGCCUGUGAGCAGCCGCGGGGGCAGCGCCCUCGGGGAGCC,0.4736842105263157
UCAGGAGAAGCCGAGGAAG,UUUUCUAACCGUGCAGCCUCUUCCUCGGCUUCUCCUGAAAGGGAAGGUGGAAGCCGU,0.863157894736842
CGGGAGGUGCCGCCGCCGC,AGCCGGCUGAGGCGCGGCGGCGGCGGCGGCACCUCCCGCUCCUGGAGCGGGGGGGAG,0.4210526315789473
CCCGGGUCCCUGGAUGUGC,ACGGCGGCGGCGGCGGCUGGCACAUCCAGGGACCCGGGCCGGUUUUAAACCUCCCGU,0.5473684210526315
UCCUCCGAACGGCUGCCUC,GCUCCGGAGGCCGCCGGCGGAGGCAGCCGUUCGGAGGAUUAUUCGUCUUCUCCCCAU,0.8210526315789474
UUCUCCUCAGCAGCCAGAG,GCUGCCGCCGCUGCCAGGCCUCUGGCUGCUGAGGAGAAGCAGGCCCAGUCGCUGCAA,0.7578947368421053
CCGCUUGGCUCUGGACCGC,CAGCAGCCAUUACCCGGCUGCGGUCCAGAGCCAAGCGGCGGCAGAGCGAGGGGCAUC,0.5368421052631579
UUCUUCUGCAGGAUGGAAA,ACCGCCAAGUCCAGAGCCAUUUCCAUCCUGCAGAAGAAGCCCCGCCACCAGCAGCUU,0.4947368421052631
UGGAUAAAUAUAGGUCAAG,AGGAUGGAUUCGACUUAGACUUGACCUAUAUUUAUCCAAACAUUAUUGCUAUGGGAU,0.7157894736842104
AUCAAUAUUGUUCCUGUAU,CAGAAAGACUUGAAGGCGUAUACAGGAACAAUAUUGAUGAUGUAGUAAGGUUUUUGG,0.7263157894736841
AUUAAAUUUGGCGGUGUCA,UUUGUGCUGAAAGACAUUAUGACACCGCCAAAUUUAAUUGCAGAGUUGCACAAUAUC,0.8947368421052632
UCAAGAUCUUCACAAAAGG,CAGCUAGAACUUAUCAAACCCUUUUGUGAAGAUCUUGACCAAUGGCUAAGUGAAGAU,0.9789473684210526
CAUUACACCAGUUCGUCCC,UUCACUGUAAAGCUGGAAAGGGACGAACUGGUGUAAUGAUAUGUGCAUAUUUAUUAC,1.0
UUGUCUCUGGUCCUUACUU,GCCCUAGAUUUCUAUGGGGAAGUAAGGACCAGAGACAAAAAGGGAGUAACUAUUCCC,1.0
CACAUAGCGCCUCUGACUG,AAAAGGGAGUAACUAUUCCCAGUCAGAGGCGCUAUGUGUAUUAUUAUAGCUACCUGU,0.9789473684210526
GGAAUAUAUCUUCACCUUU,AGUUUGUGGUCUGCCAGCUAAAGGUGAAGAUAUAUUCCUCCAAUUCAGGACCCACAC,0.3052631578947368
UGGAAGAACUCUACUUUGA,UUACCUGUGUGUGGUGAUAUCAAAGUAGAGUUCUUCCACAAACAGAACAAGAUGCUA,0.5263157894736843
AUGAAGAAUGUAUUUACCC,GACAAAAUGUUUCACUUUUGGGUAAAUACAUUCUUCAUACCAGGACCAGAGGAAACC,0.9473684210526316
CGGUUGGCUUUGUCUUUAU,AAUGAUCUUGACAAAGCAAAUAAAGACAAAGCCAACCGAUACUUUUCUCCAAAUUUU,0.2105263157894736
CUGCUAGCCUCUGGAUUUG,AAAACAGUAGAGGAGCCGUCAAAUCCAGAGGCUAGCAGUUCAACUUCUGUAACACCA,0.6736842105263158
CUCUGGAUCAGAGUCAGUG,AUUAUAGAUAUUCUGACACCACUGACUCUGAUCCAGAGAAUGAACCUUUUGAUGAAG,0.368421052631579
UUAUUUUCAUGGUGUUUUA,UUUUUUUUAUCAAGAGGGAUAAAACACCAUGAAAAUAAACUUGAAUAAACUGAAAAU,0.8210526315789474
UUGUUCCUAUAACUGGUAA,AAUAGGACAUUGUGUCAGAUUACCAGUUAUAGGAACAAUUCUCUUUUCCUGACCAAU,0.631578947368421
AGUGUCAAAACCCUGUGGA,UCUUGUUUUACCCUAUACAUCCACAGGGUUUUGACACUUGUUGUCCAGUUGAAAAAA,0.6842105263157894
AACUGGAAUAAAACGGGAA,GAUUAAUAAAGAUGGCACUUUCCCGUUUUAUUCCAGUUUUAUAAAAAGUGGAGACAG,0.6105263157894736
CACUUCAGUUGGUGACAGA,GAAUUUUUUCCUUUUGUGUUCUGUCACCAACUGAAGUGGCUAAAGAGCUUUGUGAUA,0.4736842105263157
GUAGCAAAACCUUUCGGAA,GCAGUUGGCUAAGAGAGGUUUCCGAAAGGUUUUGCUACCAUUCUAAUGCAUGUAUUC,0.5473684210526315
AAAUUAUUUCCUUUCUGAG,UAGGGGAAUGGAGGGAAUGCUCAGAAAGGAAAUAAUUUUAUGCUGGACUCUGGACCA,0.5263157894736843
GUAAAUAGCUGGAGAUGGU,GCUGGACUCUGGACCAUAUACCAUCUCCAGCUAUUUACACACACCUUUCUUUAGCAU,0.2736842105263158
CCAGAUUAAUAACUGUAGC,ACACACCUUUCUUUAGCAUGCUACAGUUAUUAAUCUGGACAUUCGAGGAAUUGGCCG,0.6
ACCCCAAUACAGAUUCACU,AGAAAAGGCAGCUAAAGGAAGUGAAUCUGUAUUGGGGUACAGGAAUGAACCUUCUGC,0.6210526315789473
CAUUGUUGCUGUGUUUCUU,UAAAAAUAAUGUCAUAGGUAAGAAACACAGCAACAAUGACUUAACCAUAUAAAUGUG,0.5263157894736843
AUGUUUCAAGCCCAUUCUU,AAUGUGGAGGCUAUCAACAAAGAAUGGGCUUGAAACAUUAUAAAAAUUGACAAUGAU,0.631578947368421
GAGGAGCUCAGCGUCGACU,XXXXXXXXXXXXGCGCCCCAGUCGACGCUGAGCUCCUCUGCUACUCAGAGUUGCAAC,0.2105263157894736
GCUGAGGUUGCAACUCUGA,CGCUGAGCUCCUCUGCUACUCAGAGUUGCAACCUCAGCCUCGCUAUGGCUCCCAGCA,0.2210526315789473
CAGGCAGGAGCAACUCCUU,AGAGACCCCGUUGCCUAAAAAGGAGUUGCUCCUGCCUGGGAACAACCGGAAGGUGUA,0.0526315789473685
UGAAUAGCACAUUGGUUGG,GCAAUGUGCAAGAAGAUAGCCAACCAAUGUGCUAUUCAAACUGCCCUGAUGGGCAGU,0.2842105263157894
CCCACUGGCUGCCAAGAGG,GUGGAACUGGCACCCCUCCCCUCUUGGCAGCCAGUGGGCAAGAACCUUACCCUACGC,0.4
CUCUCCUCACCAGCACCGU,GCCCGCUGAGGUCACGACCACGGUGCUGGUGAGGAGAGAUCACCAUGGAGCCAAUUU,0.0
AAGGUCUGGAGCUGGUAGG,UUUGAGAACACCUCGGCCCCCUACCAGCUCCAGACCUUUGUCCUGCCAGCGACUCCC,0.6842105263157894
CGUGUCCACCUCUAGGACC,CACAACUUGUCAGCCCCCGGGUCCUAGAGGUGGACACGCAGGGGACCGUGGUCUGUU,0.3157894736842105
CAGUGCCAGGUGGACCUGG,UGUUCCCAGUCUCGGAGGCCCAGGUCCACCUGGCACUGGGGGACCAGAGGUUGAACC,0.431578947368421
CAGUAUUACUGCACACGUC,ACGAGGGCACCCAGCGGCUGACGUGUGCAGUAAUACUGGGGAACCAGAGCCAGGAGA,0.5263157894736843
CUCUGGCUUCGUCAGAAUC,GCUUUCCGGCGCCCAACGUGAUUCUGACGAAGCCAGAGGUCUCAGAAGGGACCGAGG,0.1052631578947367
GUGGCCUUCAGCAGGAGCU,CCACUGGGCCCGAGGGCCCAGCUCCUGCUGAAGGCCACCCCAGAGGACAACGGGCGC,0.3157894736842105
AUACAGGACACGAAGCUCC,UACACAAGAACCAGACCCGGGAGCUUCGUGUCCUGUAUGGCCCCCGACUGGACGAGA,0.8210526315789474
AUCCUUUAGACACUUGAGC,GGGGGAACCCAUUGCCCGAGCUCAAGUGUCUAAAGGAUGGCACUUUCCCACUGCCCA,0.631578947368421
CUCCUGGCCCGACAGAGGU,CGAGAUCUUGAGGGCACCUACCUCUGUCGGGCCAGGAGCACUCAAGGGGAGGUCACC,0.2631578947368421
CUACCACAGUGAUGAUGAC,CUCCCCCCGGUAUGAGAUUGUCAUCAUCACUGUGGUAGCAGCCGCAGUCAUAAUGGG,0.5789473684210527
UGUGUGUUCGGUUUCAUGG,CAGGCCCAAAAAGGGACCCCCAUGAAACCGAACACACAAGCCACGCCUCCCUGAACC,0.8315789473684211
GAGGCGUGGCUUGUGUGUU,AGGGACCCCCAUGAAACCGAACACACAAGCCACGCCUCCCUGAACCUAUCCCGGGAC,0.2210526315789473
CUGUCCCGGGAUAGGUUCA,CACACAAGCCACGCCUCCCUGAACCUAUCCCGGGACAGGGCCUCUUCCUCGGCCUUC,0.4210526315789473
GAGGAAGAGGCCCUGUCCC,GCCUCCCUGAACCUAUCCCGGGACAGGGCCUCUUCCUCGGCCUUCCCAUAUUGGUGG,0.7578947368421053
CCACUCUGUUCAGUGUGGC,CCAUAUUGGUGGCAGUGGUGCCACACUGAACAGAGUGGAAGACAUAUGCCAUGCAGC,0.431578947368421
CUGACUGAGGACAAUGCCC,CCUGGGACGCCGGAGGACAGGGCAUUGUCCUCAGUCAGAUACAACAGCAUUUGGGGC,0.863157894736842
AGGUGUGCAGGUACCAUGG,GAUACAACAGCAUUUGGGGCCAUGGUACCUGCACACCUAAAACACUAGGCCACGCAU,1.0
CUCUCAUCAGGCUAGACUU,ACAUGAUUGAUGGAUGUUAAAGUCUAGCCUGAUGAGAGGGGAAGUGGUGGGGGAGAC,0.7368421052631579
CAGUUGUAUGUCCUCAUGG,UGGGGGAGACAUAGCCCCACCAUGAGGACAUACAACUGGGAAAUACUGAAACUUGCU,0.8210526315789474
GGCCUCAGCAUACCCAAUA,AAUACUGAAACUUGCUGCCUAUUGGGUAUGCUGAGGCCCACAGACUUACAGAAGAAG,0.6631578947368422
UGCUACACAUGUCUAUGGA,CUUACAGAAGAAGUGGCCCUCCAUAGACAUGUGUAGCAUCAAAACACAAAGGCCCAC,0.8736842105263157
CCCAAGCUGGCAUCCGUCA,CACAAAGGCCCACACUUCCUGACGGAUGCCAGCUUGGGCACUGCUGUCUACUGACCC,0.5157894736842106
GUGCCCAAGCUGGCAUCCG,AAAGGCCCACACUUCCUGACGGAUGCCAGCUUGGGCACUGCUGUCUACUGACCCCAA,0.463157894736842
AGUGCCCAAGCUGGCAUCC,AAGGCCCACACUUCCUGACGGAUGCCAGCUUGGGCACUGCUGUCUACUGACCCCAAC,0.631578947368421
CUCCGUGAGGCCAGAGACC,UGUAGGCUAAAUGAACAUAGGUCUCUGGCCUCACGGAGCUCCCAGUCCAUGUCACAU,0.2842105263157894
AGGCACUCUCCUGCAGUGU,GUACAGUUGUACAGGUUGUACACUGCAGGAGAGUGCCUGGCAAAAAGAUCAAAUGGG,0.2105263157894736
AAAGGCAGGUUGGCCAAUG,AAAUGGGGCUGGGACUUCUCAUUGGCCAACCUGCCUUUCCCCAGAAGGAGUGAUUUU,0.5052631578947369
GUAAUCUCUGAACCUGUGA,UAUAUGGACUGGUAAUGGUUCACAGGUUCAGAGAUUACCCAGUGAGGCCUUAUUCCU,0.5684210526315789
UCCAGACAUGACCGCUGAG,GCCAGUGUUCACAAUGACACUCAGCGGUCAUGUCUGGACAUGAGUGCCCAGGGAAUA,0.5578947368421052
UGGAGCUGCAAUAGUGCAA,UUUGCAUUUCACUGGGAGCUUGCACUAUUGCAGCUCCAGUUUCCUGCAGUGAUCAGG,0.2631578947368421
ACACAUACACACACACACA,UGGAAGGGUCAUCCGCGUGUGUGUGUGUGUGUAUGUGUAGACAAGCUCUCGCUCUGU,0.2842105263157894
CUGAGGUGGGAGGAUCACU,UCUUGACCUUUUGGGCUCAAGUGAUCCUCCCACCUCAGCCUCCUGAGUAGCUGGGAC,0.6842105263157894
GUGUGGUGUUGUGAGCCUA,UCCUGAGUAGCUGGGACCAUAGGCUCACAACACCACACCUGGCAAAUUUGAUUUUUU,0.6421052631578947
UAACACAAAGGAAGUCUGG,CGGGGUCUCGCAACAUUGCCCAGACUUCCUUUGUGUUAGUUAAUAAAGCUUUCUCAA,0.7157894736842104
